timestamp, gpu_name, gpu_bus_id, gpu_serial, gpu_uuid, pid, process_name, used_gpu_memory [MiB]
2017/07/20 16:48:39.898, Tesla K20Xm, 0000:02:00.0, 0321513034876, GPU-5aeb992d-9956-eecc-36aa-5db7f45438c6, 101815, ./stress, 65
2017/07/20 16:48:40.900, Tesla K20Xm, 0000:02:00.0, 0321513034876, GPU-5aeb992d-9956-eecc-36aa-5db7f45438c6, 101815, ./stress, 65
2017/07/20 16:48:41.901, Tesla K20Xm, 0000:02:00.0, 0321513034876, GPU-5aeb992d-9956-eecc-36aa-5db7f45438c6, 101815, ./stress, 65
2017/07/20 16:48:42.901, Tesla K20Xm, 0000:02:00.0, 0321513034876, GPU-5aeb992d-9956-eecc-36aa-5db7f45438c6, 101815, ./stress, 65
2017/07/20 16:48:43.902, Tesla K20Xm, 0000:02:00.0, 0321513034876, GPU-5aeb992d-9956-eecc-36aa-5db7f45438c6, 101815, ./stress, 65
2017/07/20 16:48:44.902, Tesla K20Xm, 0000:02:00.0, 0321513034876, GPU-5aeb992d-9956-eecc-36aa-5db7f45438c6, 101815, ./stress, 65
2017/07/20 16:48:45.902, Tesla K20Xm, 0000:02:00.0, 0321513034876, GPU-5aeb992d-9956-eecc-36aa-5db7f45438c6, 101815, ./stress, 65
2017/07/20 16:48:46.903, Tesla K20Xm, 0000:02:00.0, 0321513034876, GPU-5aeb992d-9956-eecc-36aa-5db7f45438c6, 101815, ./stress, 65
2017/07/20 16:48:47.903, Tesla K20Xm, 0000:02:00.0, 0321513034876, GPU-5aeb992d-9956-eecc-36aa-5db7f45438c6, 101815, ./stress, 65
2017/07/20 16:48:48.904, Tesla K20Xm, 0000:02:00.0, 0321513034876, GPU-5aeb992d-9956-eecc-36aa-5db7f45438c6, 101815, ./stress, 65
2017/07/20 16:48:49.904, Tesla K20Xm, 0000:02:00.0, 0321513034876, GPU-5aeb992d-9956-eecc-36aa-5db7f45438c6, 101815, ./stress, 65
2017/07/20 16:48:50.904, Tesla K20Xm, 0000:02:00.0, 0321513034876, GPU-5aeb992d-9956-eecc-36aa-5db7f45438c6, 101815, ./stress, 65
2017/07/20 16:48:51.905, Tesla K20Xm, 0000:02:00.0, 0321513034876, GPU-5aeb992d-9956-eecc-36aa-5db7f45438c6, 101815, ./stress, 65
2017/07/20 16:48:52.905, Tesla K20Xm, 0000:02:00.0, 0321513034876, GPU-5aeb992d-9956-eecc-36aa-5db7f45438c6, 101815, ./stress, 65
2017/07/20 16:48:53.906, Tesla K20Xm, 0000:02:00.0, 0321513034876, GPU-5aeb992d-9956-eecc-36aa-5db7f45438c6, 101815, ./stress, 65
2017/07/20 16:48:54.906, Tesla K20Xm, 0000:02:00.0, 0321513034876, GPU-5aeb992d-9956-eecc-36aa-5db7f45438c6, 101815, ./stress, 65
2017/07/20 16:48:55.906, Tesla K20Xm, 0000:02:00.0, 0321513034876, GPU-5aeb992d-9956-eecc-36aa-5db7f45438c6, 101815, ./stress, 65
2017/07/20 16:48:56.907, Tesla K20Xm, 0000:02:00.0, 0321513034876, GPU-5aeb992d-9956-eecc-36aa-5db7f45438c6, 101815, ./stress, 65
2017/07/20 16:48:57.907, Tesla K20Xm, 0000:02:00.0, 0321513034876, GPU-5aeb992d-9956-eecc-36aa-5db7f45438c6, 101815, ./stress, 65
2017/07/20 16:48:58.907, Tesla K20Xm, 0000:02:00.0, 0321513034876, GPU-5aeb992d-9956-eecc-36aa-5db7f45438c6, 101815, [Unknown Error], 65
2017/07/20 16:48:59.909, Tesla K20Xm, 0000:02:00.0, 0321513034876, GPU-5aeb992d-9956-eecc-36aa-5db7f45438c6, 101827, ./stress, 65
2017/07/20 16:49:00.909, Tesla K20Xm, 0000:02:00.0, 0321513034876, GPU-5aeb992d-9956-eecc-36aa-5db7f45438c6, 101827, ./stress, 65
2017/07/20 16:49:01.910, Tesla K20Xm, 0000:02:00.0, 0321513034876, GPU-5aeb992d-9956-eecc-36aa-5db7f45438c6, 101827, ./stress, 65
2017/07/20 16:49:02.910, Tesla K20Xm, 0000:02:00.0, 0321513034876, GPU-5aeb992d-9956-eecc-36aa-5db7f45438c6, 101827, ./stress, 65
2017/07/20 16:49:03.911, Tesla K20Xm, 0000:02:00.0, 0321513034876, GPU-5aeb992d-9956-eecc-36aa-5db7f45438c6, 101827, ./stress, 65
2017/07/20 16:49:04.911, Tesla K20Xm, 0000:02:00.0, 0321513034876, GPU-5aeb992d-9956-eecc-36aa-5db7f45438c6, 101827, ./stress, 65
2017/07/20 16:49:05.911, Tesla K20Xm, 0000:02:00.0, 0321513034876, GPU-5aeb992d-9956-eecc-36aa-5db7f45438c6, 101827, ./stress, 65
2017/07/20 16:49:06.912, Tesla K20Xm, 0000:02:00.0, 0321513034876, GPU-5aeb992d-9956-eecc-36aa-5db7f45438c6, 101827, ./stress, 65
2017/07/20 16:49:07.912, Tesla K20Xm, 0000:02:00.0, 0321513034876, GPU-5aeb992d-9956-eecc-36aa-5db7f45438c6, 101827, ./stress, 65
2017/07/20 16:49:08.912, Tesla K20Xm, 0000:02:00.0, 0321513034876, GPU-5aeb992d-9956-eecc-36aa-5db7f45438c6, 101827, ./stress, 65
2017/07/20 16:49:09.913, Tesla K20Xm, 0000:02:00.0, 0321513034876, GPU-5aeb992d-9956-eecc-36aa-5db7f45438c6, 101827, ./stress, 65
2017/07/20 16:49:10.913, Tesla K20Xm, 0000:02:00.0, 0321513034876, GPU-5aeb992d-9956-eecc-36aa-5db7f45438c6, 101827, ./stress, 65
2017/07/20 16:49:11.914, Tesla K20Xm, 0000:02:00.0, 0321513034876, GPU-5aeb992d-9956-eecc-36aa-5db7f45438c6, 101827, ./stress, 65
2017/07/20 16:49:12.914, Tesla K20Xm, 0000:02:00.0, 0321513034876, GPU-5aeb992d-9956-eecc-36aa-5db7f45438c6, 101827, ./stress, 65
2017/07/20 16:49:13.914, Tesla K20Xm, 0000:02:00.0, 0321513034876, GPU-5aeb992d-9956-eecc-36aa-5db7f45438c6, 101827, ./stress, 65
2017/07/20 16:49:14.915, Tesla K20Xm, 0000:02:00.0, 0321513034876, GPU-5aeb992d-9956-eecc-36aa-5db7f45438c6, 101827, ./stress, 65
2017/07/20 16:49:15.915, Tesla K20Xm, 0000:02:00.0, 0321513034876, GPU-5aeb992d-9956-eecc-36aa-5db7f45438c6, 101827, ./stress, 65
2017/07/20 16:49:16.916, Tesla K20Xm, 0000:02:00.0, 0321513034876, GPU-5aeb992d-9956-eecc-36aa-5db7f45438c6, 101827, ./stress, 65
2017/07/20 16:49:17.916, Tesla K20Xm, 0000:02:00.0, 0321513034876, GPU-5aeb992d-9956-eecc-36aa-5db7f45438c6, 101827, ./stress, 65
2017/07/20 16:49:19.920, Tesla K20Xm, 0000:02:00.0, 0321513034876, GPU-5aeb992d-9956-eecc-36aa-5db7f45438c6, 101838, ./stress, 65
2017/07/20 16:49:20.921, Tesla K20Xm, 0000:02:00.0, 0321513034876, GPU-5aeb992d-9956-eecc-36aa-5db7f45438c6, 101838, ./stress, 65
2017/07/20 16:49:21.921, Tesla K20Xm, 0000:02:00.0, 0321513034876, GPU-5aeb992d-9956-eecc-36aa-5db7f45438c6, 101838, ./stress, 65
2017/07/20 16:49:22.922, Tesla K20Xm, 0000:02:00.0, 0321513034876, GPU-5aeb992d-9956-eecc-36aa-5db7f45438c6, 101838, ./stress, 65
2017/07/20 16:49:23.922, Tesla K20Xm, 0000:02:00.0, 0321513034876, GPU-5aeb992d-9956-eecc-36aa-5db7f45438c6, 101838, ./stress, 65
2017/07/20 16:49:24.922, Tesla K20Xm, 0000:02:00.0, 0321513034876, GPU-5aeb992d-9956-eecc-36aa-5db7f45438c6, 101838, ./stress, 65
2017/07/20 16:49:25.923, Tesla K20Xm, 0000:02:00.0, 0321513034876, GPU-5aeb992d-9956-eecc-36aa-5db7f45438c6, 101838, ./stress, 65
2017/07/20 16:49:26.923, Tesla K20Xm, 0000:02:00.0, 0321513034876, GPU-5aeb992d-9956-eecc-36aa-5db7f45438c6, 101838, ./stress, 65
2017/07/20 16:49:27.923, Tesla K20Xm, 0000:02:00.0, 0321513034876, GPU-5aeb992d-9956-eecc-36aa-5db7f45438c6, 101838, ./stress, 65
2017/07/20 16:49:28.924, Tesla K20Xm, 0000:02:00.0, 0321513034876, GPU-5aeb992d-9956-eecc-36aa-5db7f45438c6, 101838, ./stress, 65
2017/07/20 16:49:29.924, Tesla K20Xm, 0000:02:00.0, 0321513034876, GPU-5aeb992d-9956-eecc-36aa-5db7f45438c6, 101838, ./stress, 65
2017/07/20 16:49:30.925, Tesla K20Xm, 0000:02:00.0, 0321513034876, GPU-5aeb992d-9956-eecc-36aa-5db7f45438c6, 101838, ./stress, 65
2017/07/20 16:49:31.925, Tesla K20Xm, 0000:02:00.0, 0321513034876, GPU-5aeb992d-9956-eecc-36aa-5db7f45438c6, 101838, ./stress, 65
2017/07/20 16:49:32.926, Tesla K20Xm, 0000:02:00.0, 0321513034876, GPU-5aeb992d-9956-eecc-36aa-5db7f45438c6, 101838, ./stress, 65
2017/07/20 16:49:33.926, Tesla K20Xm, 0000:02:00.0, 0321513034876, GPU-5aeb992d-9956-eecc-36aa-5db7f45438c6, 101838, ./stress, 65
2017/07/20 16:49:34.926, Tesla K20Xm, 0000:02:00.0, 0321513034876, GPU-5aeb992d-9956-eecc-36aa-5db7f45438c6, 101838, ./stress, 65
2017/07/20 16:49:35.927, Tesla K20Xm, 0000:02:00.0, 0321513034876, GPU-5aeb992d-9956-eecc-36aa-5db7f45438c6, 101838, ./stress, 65
2017/07/20 16:49:36.927, Tesla K20Xm, 0000:02:00.0, 0321513034876, GPU-5aeb992d-9956-eecc-36aa-5db7f45438c6, 101838, ./stress, 65
2017/07/20 16:49:37.928, Tesla K20Xm, 0000:02:00.0, 0321513034876, GPU-5aeb992d-9956-eecc-36aa-5db7f45438c6, 101838, ./stress, 65
2017/07/20 16:49:38.928, Tesla K20Xm, 0000:02:00.0, 0321513034876, GPU-5aeb992d-9956-eecc-36aa-5db7f45438c6, 101849, ./stress, 1
2017/07/20 16:49:39.929, Tesla K20Xm, 0000:02:00.0, 0321513034876, GPU-5aeb992d-9956-eecc-36aa-5db7f45438c6, 101849, ./stress, 65
2017/07/20 16:49:40.929, Tesla K20Xm, 0000:02:00.0, 0321513034876, GPU-5aeb992d-9956-eecc-36aa-5db7f45438c6, 101849, ./stress, 65
2017/07/20 16:49:41.930, Tesla K20Xm, 0000:02:00.0, 0321513034876, GPU-5aeb992d-9956-eecc-36aa-5db7f45438c6, 101849, ./stress, 65
2017/07/20 16:49:42.930, Tesla K20Xm, 0000:02:00.0, 0321513034876, GPU-5aeb992d-9956-eecc-36aa-5db7f45438c6, 101849, ./stress, 65
2017/07/20 16:49:43.931, Tesla K20Xm, 0000:02:00.0, 0321513034876, GPU-5aeb992d-9956-eecc-36aa-5db7f45438c6, 101849, ./stress, 65
2017/07/20 16:49:44.931, Tesla K20Xm, 0000:02:00.0, 0321513034876, GPU-5aeb992d-9956-eecc-36aa-5db7f45438c6, 101849, ./stress, 65
2017/07/20 16:49:45.931, Tesla K20Xm, 0000:02:00.0, 0321513034876, GPU-5aeb992d-9956-eecc-36aa-5db7f45438c6, 101849, ./stress, 65
2017/07/20 16:49:46.932, Tesla K20Xm, 0000:02:00.0, 0321513034876, GPU-5aeb992d-9956-eecc-36aa-5db7f45438c6, 101849, ./stress, 65
2017/07/20 16:49:47.932, Tesla K20Xm, 0000:02:00.0, 0321513034876, GPU-5aeb992d-9956-eecc-36aa-5db7f45438c6, 101849, ./stress, 65
2017/07/20 16:49:48.938, Tesla K20Xm, 0000:02:00.0, 0321513034876, GPU-5aeb992d-9956-eecc-36aa-5db7f45438c6, 101849, ./stress, 65
2017/07/20 16:49:49.938, Tesla K20Xm, 0000:02:00.0, 0321513034876, GPU-5aeb992d-9956-eecc-36aa-5db7f45438c6, 101849, ./stress, 65
2017/07/20 16:49:50.939, Tesla K20Xm, 0000:02:00.0, 0321513034876, GPU-5aeb992d-9956-eecc-36aa-5db7f45438c6, 101849, ./stress, 65
2017/07/20 16:49:51.939, Tesla K20Xm, 0000:02:00.0, 0321513034876, GPU-5aeb992d-9956-eecc-36aa-5db7f45438c6, 101849, ./stress, 65
2017/07/20 16:49:52.940, Tesla K20Xm, 0000:02:00.0, 0321513034876, GPU-5aeb992d-9956-eecc-36aa-5db7f45438c6, 101849, ./stress, 65
2017/07/20 16:49:53.940, Tesla K20Xm, 0000:02:00.0, 0321513034876, GPU-5aeb992d-9956-eecc-36aa-5db7f45438c6, 101849, ./stress, 65
2017/07/20 16:49:54.940, Tesla K20Xm, 0000:02:00.0, 0321513034876, GPU-5aeb992d-9956-eecc-36aa-5db7f45438c6, 101849, ./stress, 65
2017/07/20 16:49:55.941, Tesla K20Xm, 0000:02:00.0, 0321513034876, GPU-5aeb992d-9956-eecc-36aa-5db7f45438c6, 101849, ./stress, 65
2017/07/20 16:49:56.941, Tesla K20Xm, 0000:02:00.0, 0321513034876, GPU-5aeb992d-9956-eecc-36aa-5db7f45438c6, 101849, ./stress, 65
2017/07/20 16:49:57.942, Tesla K20Xm, 0000:02:00.0, 0321513034876, GPU-5aeb992d-9956-eecc-36aa-5db7f45438c6, 101849, ./stress, 65
2017/07/20 16:49:58.942, Tesla K20Xm, 0000:02:00.0, 0321513034876, GPU-5aeb992d-9956-eecc-36aa-5db7f45438c6, 101861, ./stress, 65
2017/07/20 16:49:59.942, Tesla K20Xm, 0000:02:00.0, 0321513034876, GPU-5aeb992d-9956-eecc-36aa-5db7f45438c6, 101861, ./stress, 65
2017/07/20 16:50:00.943, Tesla K20Xm, 0000:02:00.0, 0321513034876, GPU-5aeb992d-9956-eecc-36aa-5db7f45438c6, 101861, ./stress, 65
2017/07/20 16:50:01.943, Tesla K20Xm, 0000:02:00.0, 0321513034876, GPU-5aeb992d-9956-eecc-36aa-5db7f45438c6, 101861, ./stress, 65
2017/07/20 16:50:02.944, Tesla K20Xm, 0000:02:00.0, 0321513034876, GPU-5aeb992d-9956-eecc-36aa-5db7f45438c6, 101861, ./stress, 65
2017/07/20 16:50:03.944, Tesla K20Xm, 0000:02:00.0, 0321513034876, GPU-5aeb992d-9956-eecc-36aa-5db7f45438c6, 101861, ./stress, 65
2017/07/20 16:50:04.944, Tesla K20Xm, 0000:02:00.0, 0321513034876, GPU-5aeb992d-9956-eecc-36aa-5db7f45438c6, 101861, ./stress, 65
2017/07/20 16:50:05.945, Tesla K20Xm, 0000:02:00.0, 0321513034876, GPU-5aeb992d-9956-eecc-36aa-5db7f45438c6, 101861, ./stress, 65
2017/07/20 16:50:06.945, Tesla K20Xm, 0000:02:00.0, 0321513034876, GPU-5aeb992d-9956-eecc-36aa-5db7f45438c6, 101861, ./stress, 65
2017/07/20 16:50:07.946, Tesla K20Xm, 0000:02:00.0, 0321513034876, GPU-5aeb992d-9956-eecc-36aa-5db7f45438c6, 101861, ./stress, 65
2017/07/20 16:50:08.946, Tesla K20Xm, 0000:02:00.0, 0321513034876, GPU-5aeb992d-9956-eecc-36aa-5db7f45438c6, 101861, ./stress, 65
2017/07/20 16:50:09.946, Tesla K20Xm, 0000:02:00.0, 0321513034876, GPU-5aeb992d-9956-eecc-36aa-5db7f45438c6, 101861, ./stress, 65
2017/07/20 16:50:10.947, Tesla K20Xm, 0000:02:00.0, 0321513034876, GPU-5aeb992d-9956-eecc-36aa-5db7f45438c6, 101861, ./stress, 65
2017/07/20 16:50:11.947, Tesla K20Xm, 0000:02:00.0, 0321513034876, GPU-5aeb992d-9956-eecc-36aa-5db7f45438c6, 101861, ./stress, 65
2017/07/20 16:50:12.948, Tesla K20Xm, 0000:02:00.0, 0321513034876, GPU-5aeb992d-9956-eecc-36aa-5db7f45438c6, 101861, ./stress, 65
2017/07/20 16:50:13.948, Tesla K20Xm, 0000:02:00.0, 0321513034876, GPU-5aeb992d-9956-eecc-36aa-5db7f45438c6, 101861, ./stress, 65
2017/07/20 16:50:14.948, Tesla K20Xm, 0000:02:00.0, 0321513034876, GPU-5aeb992d-9956-eecc-36aa-5db7f45438c6, 101861, ./stress, 65
2017/07/20 16:50:15.949, Tesla K20Xm, 0000:02:00.0, 0321513034876, GPU-5aeb992d-9956-eecc-36aa-5db7f45438c6, 101861, ./stress, 65
2017/07/20 16:50:16.949, Tesla K20Xm, 0000:02:00.0, 0321513034876, GPU-5aeb992d-9956-eecc-36aa-5db7f45438c6, 101861, ./stress, 65
2017/07/20 16:50:17.950, Tesla K20Xm, 0000:02:00.0, 0321513034876, GPU-5aeb992d-9956-eecc-36aa-5db7f45438c6, 101861, ./stress, 65
2017/07/20 16:50:18.950, Tesla K20Xm, 0000:02:00.0, 0321513034876, GPU-5aeb992d-9956-eecc-36aa-5db7f45438c6, 101872, ./stress, 65
2017/07/20 16:50:19.951, Tesla K20Xm, 0000:02:00.0, 0321513034876, GPU-5aeb992d-9956-eecc-36aa-5db7f45438c6, 101872, ./stress, 65
2017/07/20 16:50:20.951, Tesla K20Xm, 0000:02:00.0, 0321513034876, GPU-5aeb992d-9956-eecc-36aa-5db7f45438c6, 101872, ./stress, 65
2017/07/20 16:50:21.951, Tesla K20Xm, 0000:02:00.0, 0321513034876, GPU-5aeb992d-9956-eecc-36aa-5db7f45438c6, 101872, ./stress, 65
2017/07/20 16:50:22.952, Tesla K20Xm, 0000:02:00.0, 0321513034876, GPU-5aeb992d-9956-eecc-36aa-5db7f45438c6, 101872, ./stress, 65
2017/07/20 16:50:23.952, Tesla K20Xm, 0000:02:00.0, 0321513034876, GPU-5aeb992d-9956-eecc-36aa-5db7f45438c6, 101872, ./stress, 65
2017/07/20 16:50:24.952, Tesla K20Xm, 0000:02:00.0, 0321513034876, GPU-5aeb992d-9956-eecc-36aa-5db7f45438c6, 101872, ./stress, 65
2017/07/20 16:50:25.953, Tesla K20Xm, 0000:02:00.0, 0321513034876, GPU-5aeb992d-9956-eecc-36aa-5db7f45438c6, 101872, ./stress, 65
2017/07/20 16:50:26.953, Tesla K20Xm, 0000:02:00.0, 0321513034876, GPU-5aeb992d-9956-eecc-36aa-5db7f45438c6, 101872, ./stress, 65
2017/07/20 16:50:27.954, Tesla K20Xm, 0000:02:00.0, 0321513034876, GPU-5aeb992d-9956-eecc-36aa-5db7f45438c6, 101872, ./stress, 65
2017/07/20 16:50:28.954, Tesla K20Xm, 0000:02:00.0, 0321513034876, GPU-5aeb992d-9956-eecc-36aa-5db7f45438c6, 101872, ./stress, 65
2017/07/20 16:50:29.954, Tesla K20Xm, 0000:02:00.0, 0321513034876, GPU-5aeb992d-9956-eecc-36aa-5db7f45438c6, 101872, ./stress, 65
2017/07/20 16:50:30.955, Tesla K20Xm, 0000:02:00.0, 0321513034876, GPU-5aeb992d-9956-eecc-36aa-5db7f45438c6, 101872, ./stress, 65
2017/07/20 16:50:31.955, Tesla K20Xm, 0000:02:00.0, 0321513034876, GPU-5aeb992d-9956-eecc-36aa-5db7f45438c6, 101872, ./stress, 65
2017/07/20 16:50:32.956, Tesla K20Xm, 0000:02:00.0, 0321513034876, GPU-5aeb992d-9956-eecc-36aa-5db7f45438c6, 101872, ./stress, 65
2017/07/20 16:50:33.956, Tesla K20Xm, 0000:02:00.0, 0321513034876, GPU-5aeb992d-9956-eecc-36aa-5db7f45438c6, 101872, ./stress, 65
2017/07/20 16:50:34.956, Tesla K20Xm, 0000:02:00.0, 0321513034876, GPU-5aeb992d-9956-eecc-36aa-5db7f45438c6, 101872, ./stress, 65
2017/07/20 16:50:35.957, Tesla K20Xm, 0000:02:00.0, 0321513034876, GPU-5aeb992d-9956-eecc-36aa-5db7f45438c6, 101872, ./stress, 65
2017/07/20 16:50:36.957, Tesla K20Xm, 0000:02:00.0, 0321513034876, GPU-5aeb992d-9956-eecc-36aa-5db7f45438c6, 101872, ./stress, 65
2017/07/20 16:50:37.958, Tesla K20Xm, 0000:02:00.0, 0321513034876, GPU-5aeb992d-9956-eecc-36aa-5db7f45438c6, 101872, ./stress, 65
2017/07/20 16:50:38.958, Tesla K20Xm, 0000:02:00.0, 0321513034876, GPU-5aeb992d-9956-eecc-36aa-5db7f45438c6, 101883, ./stress, 65
2017/07/20 16:50:39.958, Tesla K20Xm, 0000:02:00.0, 0321513034876, GPU-5aeb992d-9956-eecc-36aa-5db7f45438c6, 101883, ./stress, 65
2017/07/20 16:50:40.959, Tesla K20Xm, 0000:02:00.0, 0321513034876, GPU-5aeb992d-9956-eecc-36aa-5db7f45438c6, 101883, ./stress, 65
2017/07/20 16:50:41.959, Tesla K20Xm, 0000:02:00.0, 0321513034876, GPU-5aeb992d-9956-eecc-36aa-5db7f45438c6, 101883, ./stress, 65
2017/07/20 16:50:42.960, Tesla K20Xm, 0000:02:00.0, 0321513034876, GPU-5aeb992d-9956-eecc-36aa-5db7f45438c6, 101883, ./stress, 65
2017/07/20 16:50:43.960, Tesla K20Xm, 0000:02:00.0, 0321513034876, GPU-5aeb992d-9956-eecc-36aa-5db7f45438c6, 101883, ./stress, 65
2017/07/20 16:50:44.960, Tesla K20Xm, 0000:02:00.0, 0321513034876, GPU-5aeb992d-9956-eecc-36aa-5db7f45438c6, 101883, ./stress, 65
2017/07/20 16:50:45.961, Tesla K20Xm, 0000:02:00.0, 0321513034876, GPU-5aeb992d-9956-eecc-36aa-5db7f45438c6, 101883, ./stress, 65
2017/07/20 16:50:46.961, Tesla K20Xm, 0000:02:00.0, 0321513034876, GPU-5aeb992d-9956-eecc-36aa-5db7f45438c6, 101883, ./stress, 65
2017/07/20 16:50:47.962, Tesla K20Xm, 0000:02:00.0, 0321513034876, GPU-5aeb992d-9956-eecc-36aa-5db7f45438c6, 101883, ./stress, 65
2017/07/20 16:50:48.962, Tesla K20Xm, 0000:02:00.0, 0321513034876, GPU-5aeb992d-9956-eecc-36aa-5db7f45438c6, 101883, ./stress, 65
2017/07/20 16:50:49.962, Tesla K20Xm, 0000:02:00.0, 0321513034876, GPU-5aeb992d-9956-eecc-36aa-5db7f45438c6, 101883, ./stress, 65
2017/07/20 16:50:50.963, Tesla K20Xm, 0000:02:00.0, 0321513034876, GPU-5aeb992d-9956-eecc-36aa-5db7f45438c6, 101883, ./stress, 65
2017/07/20 16:50:51.963, Tesla K20Xm, 0000:02:00.0, 0321513034876, GPU-5aeb992d-9956-eecc-36aa-5db7f45438c6, 101883, ./stress, 65
2017/07/20 16:50:52.964, Tesla K20Xm, 0000:02:00.0, 0321513034876, GPU-5aeb992d-9956-eecc-36aa-5db7f45438c6, 101883, ./stress, 65
2017/07/20 16:50:53.964, Tesla K20Xm, 0000:02:00.0, 0321513034876, GPU-5aeb992d-9956-eecc-36aa-5db7f45438c6, 101883, ./stress, 65
2017/07/20 16:50:54.964, Tesla K20Xm, 0000:02:00.0, 0321513034876, GPU-5aeb992d-9956-eecc-36aa-5db7f45438c6, 101883, ./stress, 65
2017/07/20 16:50:55.965, Tesla K20Xm, 0000:02:00.0, 0321513034876, GPU-5aeb992d-9956-eecc-36aa-5db7f45438c6, 101883, ./stress, 65
2017/07/20 16:50:56.965, Tesla K20Xm, 0000:02:00.0, 0321513034876, GPU-5aeb992d-9956-eecc-36aa-5db7f45438c6, 101883, ./stress, 65
2017/07/20 16:50:57.966, Tesla K20Xm, 0000:02:00.0, 0321513034876, GPU-5aeb992d-9956-eecc-36aa-5db7f45438c6, 101883, [Unknown Error], 65
2017/07/20 16:50:58.966, Tesla K20Xm, 0000:02:00.0, 0321513034876, GPU-5aeb992d-9956-eecc-36aa-5db7f45438c6, 101895, ./stress, 65
2017/07/20 16:50:59.967, Tesla K20Xm, 0000:02:00.0, 0321513034876, GPU-5aeb992d-9956-eecc-36aa-5db7f45438c6, 101895, ./stress, 65
2017/07/20 16:51:00.967, Tesla K20Xm, 0000:02:00.0, 0321513034876, GPU-5aeb992d-9956-eecc-36aa-5db7f45438c6, 101895, ./stress, 65
2017/07/20 16:51:01.968, Tesla K20Xm, 0000:02:00.0, 0321513034876, GPU-5aeb992d-9956-eecc-36aa-5db7f45438c6, 101895, ./stress, 65
2017/07/20 16:51:02.968, Tesla K20Xm, 0000:02:00.0, 0321513034876, GPU-5aeb992d-9956-eecc-36aa-5db7f45438c6, 101895, ./stress, 65
2017/07/20 16:51:03.968, Tesla K20Xm, 0000:02:00.0, 0321513034876, GPU-5aeb992d-9956-eecc-36aa-5db7f45438c6, 101895, ./stress, 65
2017/07/20 16:51:04.968, Tesla K20Xm, 0000:02:00.0, 0321513034876, GPU-5aeb992d-9956-eecc-36aa-5db7f45438c6, 101895, ./stress, 65
2017/07/20 16:51:05.969, Tesla K20Xm, 0000:02:00.0, 0321513034876, GPU-5aeb992d-9956-eecc-36aa-5db7f45438c6, 101895, ./stress, 65
2017/07/20 16:51:06.969, Tesla K20Xm, 0000:02:00.0, 0321513034876, GPU-5aeb992d-9956-eecc-36aa-5db7f45438c6, 101895, ./stress, 65
2017/07/20 16:51:07.970, Tesla K20Xm, 0000:02:00.0, 0321513034876, GPU-5aeb992d-9956-eecc-36aa-5db7f45438c6, 101895, ./stress, 65
2017/07/20 16:51:08.970, Tesla K20Xm, 0000:02:00.0, 0321513034876, GPU-5aeb992d-9956-eecc-36aa-5db7f45438c6, 101895, ./stress, 65
2017/07/20 16:51:09.970, Tesla K20Xm, 0000:02:00.0, 0321513034876, GPU-5aeb992d-9956-eecc-36aa-5db7f45438c6, 101895, ./stress, 65
2017/07/20 16:51:10.971, Tesla K20Xm, 0000:02:00.0, 0321513034876, GPU-5aeb992d-9956-eecc-36aa-5db7f45438c6, 101895, ./stress, 65
2017/07/20 16:51:11.971, Tesla K20Xm, 0000:02:00.0, 0321513034876, GPU-5aeb992d-9956-eecc-36aa-5db7f45438c6, 101895, ./stress, 65
2017/07/20 16:51:12.972, Tesla K20Xm, 0000:02:00.0, 0321513034876, GPU-5aeb992d-9956-eecc-36aa-5db7f45438c6, 101895, ./stress, 65
2017/07/20 16:51:13.972, Tesla K20Xm, 0000:02:00.0, 0321513034876, GPU-5aeb992d-9956-eecc-36aa-5db7f45438c6, 101895, ./stress, 65
2017/07/20 16:51:14.972, Tesla K20Xm, 0000:02:00.0, 0321513034876, GPU-5aeb992d-9956-eecc-36aa-5db7f45438c6, 101895, ./stress, 65
2017/07/20 16:51:15.973, Tesla K20Xm, 0000:02:00.0, 0321513034876, GPU-5aeb992d-9956-eecc-36aa-5db7f45438c6, 101895, ./stress, 65
2017/07/20 16:51:16.973, Tesla K20Xm, 0000:02:00.0, 0321513034876, GPU-5aeb992d-9956-eecc-36aa-5db7f45438c6, 101895, ./stress, 65
2017/07/20 16:51:18.974, Tesla K20Xm, 0000:02:00.0, 0321513034876, GPU-5aeb992d-9956-eecc-36aa-5db7f45438c6, 101908, ./stress, 65
2017/07/20 16:51:19.974, Tesla K20Xm, 0000:02:00.0, 0321513034876, GPU-5aeb992d-9956-eecc-36aa-5db7f45438c6, 101908, ./stress, 65
2017/07/20 16:51:20.975, Tesla K20Xm, 0000:02:00.0, 0321513034876, GPU-5aeb992d-9956-eecc-36aa-5db7f45438c6, 101908, ./stress, 65
2017/07/20 16:51:21.975, Tesla K20Xm, 0000:02:00.0, 0321513034876, GPU-5aeb992d-9956-eecc-36aa-5db7f45438c6, 101908, ./stress, 65
2017/07/20 16:51:22.976, Tesla K20Xm, 0000:02:00.0, 0321513034876, GPU-5aeb992d-9956-eecc-36aa-5db7f45438c6, 101908, ./stress, 65
2017/07/20 16:51:23.976, Tesla K20Xm, 0000:02:00.0, 0321513034876, GPU-5aeb992d-9956-eecc-36aa-5db7f45438c6, 101908, ./stress, 65
2017/07/20 16:51:24.976, Tesla K20Xm, 0000:02:00.0, 0321513034876, GPU-5aeb992d-9956-eecc-36aa-5db7f45438c6, 101908, ./stress, 65
2017/07/20 16:51:25.977, Tesla K20Xm, 0000:02:00.0, 0321513034876, GPU-5aeb992d-9956-eecc-36aa-5db7f45438c6, 101908, ./stress, 65
2017/07/20 16:51:26.977, Tesla K20Xm, 0000:02:00.0, 0321513034876, GPU-5aeb992d-9956-eecc-36aa-5db7f45438c6, 101908, ./stress, 65
2017/07/20 16:51:27.978, Tesla K20Xm, 0000:02:00.0, 0321513034876, GPU-5aeb992d-9956-eecc-36aa-5db7f45438c6, 101908, ./stress, 65
2017/07/20 16:51:28.978, Tesla K20Xm, 0000:02:00.0, 0321513034876, GPU-5aeb992d-9956-eecc-36aa-5db7f45438c6, 101908, ./stress, 65
2017/07/20 16:51:29.978, Tesla K20Xm, 0000:02:00.0, 0321513034876, GPU-5aeb992d-9956-eecc-36aa-5db7f45438c6, 101908, ./stress, 65
2017/07/20 16:51:30.979, Tesla K20Xm, 0000:02:00.0, 0321513034876, GPU-5aeb992d-9956-eecc-36aa-5db7f45438c6, 101908, ./stress, 65
2017/07/20 16:51:31.979, Tesla K20Xm, 0000:02:00.0, 0321513034876, GPU-5aeb992d-9956-eecc-36aa-5db7f45438c6, 101908, ./stress, 65
2017/07/20 16:51:32.980, Tesla K20Xm, 0000:02:00.0, 0321513034876, GPU-5aeb992d-9956-eecc-36aa-5db7f45438c6, 101908, ./stress, 65
2017/07/20 16:51:33.980, Tesla K20Xm, 0000:02:00.0, 0321513034876, GPU-5aeb992d-9956-eecc-36aa-5db7f45438c6, 101908, ./stress, 65
2017/07/20 16:51:34.980, Tesla K20Xm, 0000:02:00.0, 0321513034876, GPU-5aeb992d-9956-eecc-36aa-5db7f45438c6, 101908, ./stress, 65
2017/07/20 16:51:35.981, Tesla K20Xm, 0000:02:00.0, 0321513034876, GPU-5aeb992d-9956-eecc-36aa-5db7f45438c6, 101908, ./stress, 65
2017/07/20 16:51:36.981, Tesla K20Xm, 0000:02:00.0, 0321513034876, GPU-5aeb992d-9956-eecc-36aa-5db7f45438c6, 101908, ./stress, 65
2017/07/20 16:51:37.982, Tesla K20Xm, 0000:02:00.0, 0321513034876, GPU-5aeb992d-9956-eecc-36aa-5db7f45438c6, 101919, ./stress, 1
2017/07/20 16:51:38.984, Tesla K20Xm, 0000:02:00.0, 0321513034876, GPU-5aeb992d-9956-eecc-36aa-5db7f45438c6, 101919, ./stress, 65
2017/07/20 16:51:39.985, Tesla K20Xm, 0000:02:00.0, 0321513034876, GPU-5aeb992d-9956-eecc-36aa-5db7f45438c6, 101919, ./stress, 65
2017/07/20 16:51:40.985, Tesla K20Xm, 0000:02:00.0, 0321513034876, GPU-5aeb992d-9956-eecc-36aa-5db7f45438c6, 101919, ./stress, 65
2017/07/20 16:51:41.986, Tesla K20Xm, 0000:02:00.0, 0321513034876, GPU-5aeb992d-9956-eecc-36aa-5db7f45438c6, 101919, ./stress, 65
2017/07/20 16:51:42.986, Tesla K20Xm, 0000:02:00.0, 0321513034876, GPU-5aeb992d-9956-eecc-36aa-5db7f45438c6, 101919, ./stress, 65
2017/07/20 16:51:43.986, Tesla K20Xm, 0000:02:00.0, 0321513034876, GPU-5aeb992d-9956-eecc-36aa-5db7f45438c6, 101919, ./stress, 65
2017/07/20 16:51:44.987, Tesla K20Xm, 0000:02:00.0, 0321513034876, GPU-5aeb992d-9956-eecc-36aa-5db7f45438c6, 101919, ./stress, 65
2017/07/20 16:51:45.987, Tesla K20Xm, 0000:02:00.0, 0321513034876, GPU-5aeb992d-9956-eecc-36aa-5db7f45438c6, 101919, ./stress, 65
2017/07/20 16:51:46.988, Tesla K20Xm, 0000:02:00.0, 0321513034876, GPU-5aeb992d-9956-eecc-36aa-5db7f45438c6, 101919, ./stress, 65
2017/07/20 16:51:47.988, Tesla K20Xm, 0000:02:00.0, 0321513034876, GPU-5aeb992d-9956-eecc-36aa-5db7f45438c6, 101919, ./stress, 65
2017/07/20 16:51:48.988, Tesla K20Xm, 0000:02:00.0, 0321513034876, GPU-5aeb992d-9956-eecc-36aa-5db7f45438c6, 101919, ./stress, 65
2017/07/20 16:51:49.989, Tesla K20Xm, 0000:02:00.0, 0321513034876, GPU-5aeb992d-9956-eecc-36aa-5db7f45438c6, 101919, ./stress, 65
2017/07/20 16:51:50.989, Tesla K20Xm, 0000:02:00.0, 0321513034876, GPU-5aeb992d-9956-eecc-36aa-5db7f45438c6, 101919, ./stress, 65
2017/07/20 16:51:51.990, Tesla K20Xm, 0000:02:00.0, 0321513034876, GPU-5aeb992d-9956-eecc-36aa-5db7f45438c6, 101919, ./stress, 65
2017/07/20 16:51:52.990, Tesla K20Xm, 0000:02:00.0, 0321513034876, GPU-5aeb992d-9956-eecc-36aa-5db7f45438c6, 101919, ./stress, 65
2017/07/20 16:51:53.990, Tesla K20Xm, 0000:02:00.0, 0321513034876, GPU-5aeb992d-9956-eecc-36aa-5db7f45438c6, 101919, ./stress, 65
2017/07/20 16:51:54.990, Tesla K20Xm, 0000:02:00.0, 0321513034876, GPU-5aeb992d-9956-eecc-36aa-5db7f45438c6, 101919, ./stress, 65
2017/07/20 16:51:55.991, Tesla K20Xm, 0000:02:00.0, 0321513034876, GPU-5aeb992d-9956-eecc-36aa-5db7f45438c6, 101919, ./stress, 65
2017/07/20 16:51:56.992, Tesla K20Xm, 0000:02:00.0, 0321513034876, GPU-5aeb992d-9956-eecc-36aa-5db7f45438c6, 101919, ./stress, 65
2017/07/20 16:51:57.992, Tesla K20Xm, 0000:02:00.0, 0321513034876, GPU-5aeb992d-9956-eecc-36aa-5db7f45438c6, 101932, ./stress, 65
2017/07/20 16:51:58.992, Tesla K20Xm, 0000:02:00.0, 0321513034876, GPU-5aeb992d-9956-eecc-36aa-5db7f45438c6, 101932, ./stress, 65
2017/07/20 16:51:59.993, Tesla K20Xm, 0000:02:00.0, 0321513034876, GPU-5aeb992d-9956-eecc-36aa-5db7f45438c6, 101932, ./stress, 65
2017/07/20 16:52:00.993, Tesla K20Xm, 0000:02:00.0, 0321513034876, GPU-5aeb992d-9956-eecc-36aa-5db7f45438c6, 101932, ./stress, 65
2017/07/20 16:52:01.994, Tesla K20Xm, 0000:02:00.0, 0321513034876, GPU-5aeb992d-9956-eecc-36aa-5db7f45438c6, 101932, ./stress, 65
2017/07/20 16:52:02.994, Tesla K20Xm, 0000:02:00.0, 0321513034876, GPU-5aeb992d-9956-eecc-36aa-5db7f45438c6, 101932, ./stress, 65
2017/07/20 16:52:03.994, Tesla K20Xm, 0000:02:00.0, 0321513034876, GPU-5aeb992d-9956-eecc-36aa-5db7f45438c6, 101932, ./stress, 65
2017/07/20 16:52:04.995, Tesla K20Xm, 0000:02:00.0, 0321513034876, GPU-5aeb992d-9956-eecc-36aa-5db7f45438c6, 101932, ./stress, 65
2017/07/20 16:52:05.995, Tesla K20Xm, 0000:02:00.0, 0321513034876, GPU-5aeb992d-9956-eecc-36aa-5db7f45438c6, 101932, ./stress, 65
2017/07/20 16:52:06.996, Tesla K20Xm, 0000:02:00.0, 0321513034876, GPU-5aeb992d-9956-eecc-36aa-5db7f45438c6, 101932, ./stress, 65
2017/07/20 16:52:07.996, Tesla K20Xm, 0000:02:00.0, 0321513034876, GPU-5aeb992d-9956-eecc-36aa-5db7f45438c6, 101932, ./stress, 65
2017/07/20 16:52:08.996, Tesla K20Xm, 0000:02:00.0, 0321513034876, GPU-5aeb992d-9956-eecc-36aa-5db7f45438c6, 101932, ./stress, 65
2017/07/20 16:52:09.997, Tesla K20Xm, 0000:02:00.0, 0321513034876, GPU-5aeb992d-9956-eecc-36aa-5db7f45438c6, 101932, ./stress, 65
2017/07/20 16:52:10.997, Tesla K20Xm, 0000:02:00.0, 0321513034876, GPU-5aeb992d-9956-eecc-36aa-5db7f45438c6, 101932, ./stress, 65
2017/07/20 16:52:11.998, Tesla K20Xm, 0000:02:00.0, 0321513034876, GPU-5aeb992d-9956-eecc-36aa-5db7f45438c6, 101932, ./stress, 65
2017/07/20 16:52:12.998, Tesla K20Xm, 0000:02:00.0, 0321513034876, GPU-5aeb992d-9956-eecc-36aa-5db7f45438c6, 101932, ./stress, 65
2017/07/20 16:52:13.998, Tesla K20Xm, 0000:02:00.0, 0321513034876, GPU-5aeb992d-9956-eecc-36aa-5db7f45438c6, 101932, ./stress, 65
2017/07/20 16:52:14.999, Tesla K20Xm, 0000:02:00.0, 0321513034876, GPU-5aeb992d-9956-eecc-36aa-5db7f45438c6, 101932, ./stress, 65
2017/07/20 16:52:15.999, Tesla K20Xm, 0000:02:00.0, 0321513034876, GPU-5aeb992d-9956-eecc-36aa-5db7f45438c6, 101932, ./stress, 65
2017/07/20 16:52:17.000, Tesla K20Xm, 0000:02:00.0, 0321513034876, GPU-5aeb992d-9956-eecc-36aa-5db7f45438c6, 101932, ./stress, 65
2017/07/20 16:52:18.000, Tesla K20Xm, 0000:02:00.0, 0321513034876, GPU-5aeb992d-9956-eecc-36aa-5db7f45438c6, 101943, ./stress, 65
2017/07/20 16:52:19.000, Tesla K20Xm, 0000:02:00.0, 0321513034876, GPU-5aeb992d-9956-eecc-36aa-5db7f45438c6, 101943, ./stress, 65
2017/07/20 16:52:20.001, Tesla K20Xm, 0000:02:00.0, 0321513034876, GPU-5aeb992d-9956-eecc-36aa-5db7f45438c6, 101943, ./stress, 65
2017/07/20 16:52:21.001, Tesla K20Xm, 0000:02:00.0, 0321513034876, GPU-5aeb992d-9956-eecc-36aa-5db7f45438c6, 101943, ./stress, 65
2017/07/20 16:52:22.002, Tesla K20Xm, 0000:02:00.0, 0321513034876, GPU-5aeb992d-9956-eecc-36aa-5db7f45438c6, 101943, ./stress, 65
2017/07/20 16:52:23.002, Tesla K20Xm, 0000:02:00.0, 0321513034876, GPU-5aeb992d-9956-eecc-36aa-5db7f45438c6, 101943, ./stress, 65
2017/07/20 16:52:24.002, Tesla K20Xm, 0000:02:00.0, 0321513034876, GPU-5aeb992d-9956-eecc-36aa-5db7f45438c6, 101943, ./stress, 65
2017/07/20 16:52:25.003, Tesla K20Xm, 0000:02:00.0, 0321513034876, GPU-5aeb992d-9956-eecc-36aa-5db7f45438c6, 101943, ./stress, 65
2017/07/20 16:52:26.003, Tesla K20Xm, 0000:02:00.0, 0321513034876, GPU-5aeb992d-9956-eecc-36aa-5db7f45438c6, 101943, ./stress, 65
2017/07/20 16:52:27.004, Tesla K20Xm, 0000:02:00.0, 0321513034876, GPU-5aeb992d-9956-eecc-36aa-5db7f45438c6, 101943, ./stress, 65
2017/07/20 16:52:28.004, Tesla K20Xm, 0000:02:00.0, 0321513034876, GPU-5aeb992d-9956-eecc-36aa-5db7f45438c6, 101943, ./stress, 65
2017/07/20 16:52:29.004, Tesla K20Xm, 0000:02:00.0, 0321513034876, GPU-5aeb992d-9956-eecc-36aa-5db7f45438c6, 101943, ./stress, 65
2017/07/20 16:52:30.005, Tesla K20Xm, 0000:02:00.0, 0321513034876, GPU-5aeb992d-9956-eecc-36aa-5db7f45438c6, 101943, ./stress, 65
2017/07/20 16:52:31.005, Tesla K20Xm, 0000:02:00.0, 0321513034876, GPU-5aeb992d-9956-eecc-36aa-5db7f45438c6, 101943, ./stress, 65
2017/07/20 16:52:32.006, Tesla K20Xm, 0000:02:00.0, 0321513034876, GPU-5aeb992d-9956-eecc-36aa-5db7f45438c6, 101943, ./stress, 65
2017/07/20 16:52:33.006, Tesla K20Xm, 0000:02:00.0, 0321513034876, GPU-5aeb992d-9956-eecc-36aa-5db7f45438c6, 101943, ./stress, 65
2017/07/20 16:52:34.006, Tesla K20Xm, 0000:02:00.0, 0321513034876, GPU-5aeb992d-9956-eecc-36aa-5db7f45438c6, 101943, ./stress, 65
2017/07/20 16:52:35.007, Tesla K20Xm, 0000:02:00.0, 0321513034876, GPU-5aeb992d-9956-eecc-36aa-5db7f45438c6, 101943, ./stress, 65
2017/07/20 16:52:36.007, Tesla K20Xm, 0000:02:00.0, 0321513034876, GPU-5aeb992d-9956-eecc-36aa-5db7f45438c6, 101943, ./stress, 65
2017/07/20 16:52:37.008, Tesla K20Xm, 0000:02:00.0, 0321513034876, GPU-5aeb992d-9956-eecc-36aa-5db7f45438c6, 101943, ./stress, 65
2017/07/20 16:52:38.008, Tesla K20Xm, 0000:02:00.0, 0321513034876, GPU-5aeb992d-9956-eecc-36aa-5db7f45438c6, 101954, ./stress, 65
2017/07/20 16:52:39.008, Tesla K20Xm, 0000:02:00.0, 0321513034876, GPU-5aeb992d-9956-eecc-36aa-5db7f45438c6, 101954, ./stress, 65
2017/07/20 16:52:40.009, Tesla K20Xm, 0000:02:00.0, 0321513034876, GPU-5aeb992d-9956-eecc-36aa-5db7f45438c6, 101954, ./stress, 65
2017/07/20 16:52:41.009, Tesla K20Xm, 0000:02:00.0, 0321513034876, GPU-5aeb992d-9956-eecc-36aa-5db7f45438c6, 101954, ./stress, 65
2017/07/20 16:52:42.010, Tesla K20Xm, 0000:02:00.0, 0321513034876, GPU-5aeb992d-9956-eecc-36aa-5db7f45438c6, 101954, ./stress, 65
2017/07/20 16:52:43.010, Tesla K20Xm, 0000:02:00.0, 0321513034876, GPU-5aeb992d-9956-eecc-36aa-5db7f45438c6, 101954, ./stress, 65
2017/07/20 16:52:44.010, Tesla K20Xm, 0000:02:00.0, 0321513034876, GPU-5aeb992d-9956-eecc-36aa-5db7f45438c6, 101954, ./stress, 65
2017/07/20 16:52:45.011, Tesla K20Xm, 0000:02:00.0, 0321513034876, GPU-5aeb992d-9956-eecc-36aa-5db7f45438c6, 101954, ./stress, 65
2017/07/20 16:52:46.011, Tesla K20Xm, 0000:02:00.0, 0321513034876, GPU-5aeb992d-9956-eecc-36aa-5db7f45438c6, 101954, ./stress, 65
2017/07/20 16:52:47.012, Tesla K20Xm, 0000:02:00.0, 0321513034876, GPU-5aeb992d-9956-eecc-36aa-5db7f45438c6, 101954, ./stress, 65
2017/07/20 16:52:48.012, Tesla K20Xm, 0000:02:00.0, 0321513034876, GPU-5aeb992d-9956-eecc-36aa-5db7f45438c6, 101954, ./stress, 65
2017/07/20 16:52:49.012, Tesla K20Xm, 0000:02:00.0, 0321513034876, GPU-5aeb992d-9956-eecc-36aa-5db7f45438c6, 101954, ./stress, 65
2017/07/20 16:52:50.013, Tesla K20Xm, 0000:02:00.0, 0321513034876, GPU-5aeb992d-9956-eecc-36aa-5db7f45438c6, 101954, ./stress, 65
2017/07/20 16:52:51.013, Tesla K20Xm, 0000:02:00.0, 0321513034876, GPU-5aeb992d-9956-eecc-36aa-5db7f45438c6, 101954, ./stress, 65
2017/07/20 16:52:52.014, Tesla K20Xm, 0000:02:00.0, 0321513034876, GPU-5aeb992d-9956-eecc-36aa-5db7f45438c6, 101954, ./stress, 65
2017/07/20 16:52:53.014, Tesla K20Xm, 0000:02:00.0, 0321513034876, GPU-5aeb992d-9956-eecc-36aa-5db7f45438c6, 101954, ./stress, 65
2017/07/20 16:52:54.014, Tesla K20Xm, 0000:02:00.0, 0321513034876, GPU-5aeb992d-9956-eecc-36aa-5db7f45438c6, 101954, ./stress, 65
2017/07/20 16:52:55.015, Tesla K20Xm, 0000:02:00.0, 0321513034876, GPU-5aeb992d-9956-eecc-36aa-5db7f45438c6, 101954, ./stress, 65
2017/07/20 16:52:56.015, Tesla K20Xm, 0000:02:00.0, 0321513034876, GPU-5aeb992d-9956-eecc-36aa-5db7f45438c6, 101954, ./stress, 65
2017/07/20 16:52:57.016, Tesla K20Xm, 0000:02:00.0, 0321513034876, GPU-5aeb992d-9956-eecc-36aa-5db7f45438c6, 101954, ./stress, 65
2017/07/20 16:52:58.016, Tesla K20Xm, 0000:02:00.0, 0321513034876, GPU-5aeb992d-9956-eecc-36aa-5db7f45438c6, 101967, ./stress, 65
2017/07/20 16:52:59.017, Tesla K20Xm, 0000:02:00.0, 0321513034876, GPU-5aeb992d-9956-eecc-36aa-5db7f45438c6, 101967, ./stress, 65
2017/07/20 16:53:00.017, Tesla K20Xm, 0000:02:00.0, 0321513034876, GPU-5aeb992d-9956-eecc-36aa-5db7f45438c6, 101967, ./stress, 65
2017/07/20 16:53:01.017, Tesla K20Xm, 0000:02:00.0, 0321513034876, GPU-5aeb992d-9956-eecc-36aa-5db7f45438c6, 101967, ./stress, 65
2017/07/20 16:53:02.018, Tesla K20Xm, 0000:02:00.0, 0321513034876, GPU-5aeb992d-9956-eecc-36aa-5db7f45438c6, 101967, ./stress, 65
2017/07/20 16:53:03.018, Tesla K20Xm, 0000:02:00.0, 0321513034876, GPU-5aeb992d-9956-eecc-36aa-5db7f45438c6, 101967, ./stress, 65
2017/07/20 16:53:04.018, Tesla K20Xm, 0000:02:00.0, 0321513034876, GPU-5aeb992d-9956-eecc-36aa-5db7f45438c6, 101967, ./stress, 65
2017/07/20 16:53:05.019, Tesla K20Xm, 0000:02:00.0, 0321513034876, GPU-5aeb992d-9956-eecc-36aa-5db7f45438c6, 101967, ./stress, 65
2017/07/20 16:53:06.019, Tesla K20Xm, 0000:02:00.0, 0321513034876, GPU-5aeb992d-9956-eecc-36aa-5db7f45438c6, 101967, ./stress, 65
2017/07/20 16:53:07.020, Tesla K20Xm, 0000:02:00.0, 0321513034876, GPU-5aeb992d-9956-eecc-36aa-5db7f45438c6, 101967, ./stress, 65
2017/07/20 16:53:08.020, Tesla K20Xm, 0000:02:00.0, 0321513034876, GPU-5aeb992d-9956-eecc-36aa-5db7f45438c6, 101967, ./stress, 65
2017/07/20 16:53:09.021, Tesla K20Xm, 0000:02:00.0, 0321513034876, GPU-5aeb992d-9956-eecc-36aa-5db7f45438c6, 101967, ./stress, 65
2017/07/20 16:53:10.021, Tesla K20Xm, 0000:02:00.0, 0321513034876, GPU-5aeb992d-9956-eecc-36aa-5db7f45438c6, 101967, ./stress, 65
2017/07/20 16:53:11.021, Tesla K20Xm, 0000:02:00.0, 0321513034876, GPU-5aeb992d-9956-eecc-36aa-5db7f45438c6, 101967, ./stress, 65
2017/07/20 16:53:12.022, Tesla K20Xm, 0000:02:00.0, 0321513034876, GPU-5aeb992d-9956-eecc-36aa-5db7f45438c6, 101967, ./stress, 65
2017/07/20 16:53:13.022, Tesla K20Xm, 0000:02:00.0, 0321513034876, GPU-5aeb992d-9956-eecc-36aa-5db7f45438c6, 101967, ./stress, 65
2017/07/20 16:53:14.022, Tesla K20Xm, 0000:02:00.0, 0321513034876, GPU-5aeb992d-9956-eecc-36aa-5db7f45438c6, 101967, ./stress, 65
2017/07/20 16:53:15.023, Tesla K20Xm, 0000:02:00.0, 0321513034876, GPU-5aeb992d-9956-eecc-36aa-5db7f45438c6, 101967, ./stress, 65
2017/07/20 16:53:16.023, Tesla K20Xm, 0000:02:00.0, 0321513034876, GPU-5aeb992d-9956-eecc-36aa-5db7f45438c6, 101967, ./stress, 65
2017/07/20 16:53:18.028, Tesla K20Xm, 0000:02:00.0, 0321513034876, GPU-5aeb992d-9956-eecc-36aa-5db7f45438c6, 101979, ./stress, 65
2017/07/20 16:53:19.028, Tesla K20Xm, 0000:02:00.0, 0321513034876, GPU-5aeb992d-9956-eecc-36aa-5db7f45438c6, 101979, ./stress, 65
2017/07/20 16:53:20.029, Tesla K20Xm, 0000:02:00.0, 0321513034876, GPU-5aeb992d-9956-eecc-36aa-5db7f45438c6, 101979, ./stress, 65
2017/07/20 16:53:21.029, Tesla K20Xm, 0000:02:00.0, 0321513034876, GPU-5aeb992d-9956-eecc-36aa-5db7f45438c6, 101979, ./stress, 65
2017/07/20 16:53:22.030, Tesla K20Xm, 0000:02:00.0, 0321513034876, GPU-5aeb992d-9956-eecc-36aa-5db7f45438c6, 101979, ./stress, 65
2017/07/20 16:53:23.030, Tesla K20Xm, 0000:02:00.0, 0321513034876, GPU-5aeb992d-9956-eecc-36aa-5db7f45438c6, 101979, ./stress, 65
2017/07/20 16:53:24.030, Tesla K20Xm, 0000:02:00.0, 0321513034876, GPU-5aeb992d-9956-eecc-36aa-5db7f45438c6, 101979, ./stress, 65
2017/07/20 16:53:25.031, Tesla K20Xm, 0000:02:00.0, 0321513034876, GPU-5aeb992d-9956-eecc-36aa-5db7f45438c6, 101979, ./stress, 65
2017/07/20 16:53:26.031, Tesla K20Xm, 0000:02:00.0, 0321513034876, GPU-5aeb992d-9956-eecc-36aa-5db7f45438c6, 101979, ./stress, 65
2017/07/20 16:53:27.032, Tesla K20Xm, 0000:02:00.0, 0321513034876, GPU-5aeb992d-9956-eecc-36aa-5db7f45438c6, 101979, ./stress, 65
2017/07/20 16:53:28.032, Tesla K20Xm, 0000:02:00.0, 0321513034876, GPU-5aeb992d-9956-eecc-36aa-5db7f45438c6, 101979, ./stress, 65
2017/07/20 16:53:29.032, Tesla K20Xm, 0000:02:00.0, 0321513034876, GPU-5aeb992d-9956-eecc-36aa-5db7f45438c6, 101979, ./stress, 65
2017/07/20 16:53:30.033, Tesla K20Xm, 0000:02:00.0, 0321513034876, GPU-5aeb992d-9956-eecc-36aa-5db7f45438c6, 101979, ./stress, 65
2017/07/20 16:53:31.033, Tesla K20Xm, 0000:02:00.0, 0321513034876, GPU-5aeb992d-9956-eecc-36aa-5db7f45438c6, 101979, ./stress, 65
2017/07/20 16:53:32.034, Tesla K20Xm, 0000:02:00.0, 0321513034876, GPU-5aeb992d-9956-eecc-36aa-5db7f45438c6, 101979, ./stress, 65
2017/07/20 16:53:33.034, Tesla K20Xm, 0000:02:00.0, 0321513034876, GPU-5aeb992d-9956-eecc-36aa-5db7f45438c6, 101979, ./stress, 65
2017/07/20 16:53:34.034, Tesla K20Xm, 0000:02:00.0, 0321513034876, GPU-5aeb992d-9956-eecc-36aa-5db7f45438c6, 101979, ./stress, 65
2017/07/20 16:53:35.035, Tesla K20Xm, 0000:02:00.0, 0321513034876, GPU-5aeb992d-9956-eecc-36aa-5db7f45438c6, 101979, ./stress, 65
2017/07/20 16:53:36.035, Tesla K20Xm, 0000:02:00.0, 0321513034876, GPU-5aeb992d-9956-eecc-36aa-5db7f45438c6, 101979, ./stress, 65
2017/07/20 16:53:37.036, Tesla K20Xm, 0000:02:00.0, 0321513034876, GPU-5aeb992d-9956-eecc-36aa-5db7f45438c6, 101990, ./stress, 1
2017/07/20 16:53:38.040, Tesla K20Xm, 0000:02:00.0, 0321513034876, GPU-5aeb992d-9956-eecc-36aa-5db7f45438c6, 101990, ./stress, 65
2017/07/20 16:53:39.041, Tesla K20Xm, 0000:02:00.0, 0321513034876, GPU-5aeb992d-9956-eecc-36aa-5db7f45438c6, 101990, ./stress, 65
2017/07/20 16:53:40.041, Tesla K20Xm, 0000:02:00.0, 0321513034876, GPU-5aeb992d-9956-eecc-36aa-5db7f45438c6, 101990, ./stress, 65
2017/07/20 16:53:41.041, Tesla K20Xm, 0000:02:00.0, 0321513034876, GPU-5aeb992d-9956-eecc-36aa-5db7f45438c6, 101990, ./stress, 65
2017/07/20 16:53:42.042, Tesla K20Xm, 0000:02:00.0, 0321513034876, GPU-5aeb992d-9956-eecc-36aa-5db7f45438c6, 101990, ./stress, 65
2017/07/20 16:53:43.042, Tesla K20Xm, 0000:02:00.0, 0321513034876, GPU-5aeb992d-9956-eecc-36aa-5db7f45438c6, 101990, ./stress, 65
2017/07/20 16:53:44.042, Tesla K20Xm, 0000:02:00.0, 0321513034876, GPU-5aeb992d-9956-eecc-36aa-5db7f45438c6, 101990, ./stress, 65
2017/07/20 16:53:45.043, Tesla K20Xm, 0000:02:00.0, 0321513034876, GPU-5aeb992d-9956-eecc-36aa-5db7f45438c6, 101990, ./stress, 65
2017/07/20 16:53:46.043, Tesla K20Xm, 0000:02:00.0, 0321513034876, GPU-5aeb992d-9956-eecc-36aa-5db7f45438c6, 101990, ./stress, 65
2017/07/20 16:53:47.044, Tesla K20Xm, 0000:02:00.0, 0321513034876, GPU-5aeb992d-9956-eecc-36aa-5db7f45438c6, 101990, ./stress, 65
2017/07/20 16:53:48.044, Tesla K20Xm, 0000:02:00.0, 0321513034876, GPU-5aeb992d-9956-eecc-36aa-5db7f45438c6, 101990, ./stress, 65
2017/07/20 16:53:49.044, Tesla K20Xm, 0000:02:00.0, 0321513034876, GPU-5aeb992d-9956-eecc-36aa-5db7f45438c6, 101990, ./stress, 65
2017/07/20 16:53:50.044, Tesla K20Xm, 0000:02:00.0, 0321513034876, GPU-5aeb992d-9956-eecc-36aa-5db7f45438c6, 101990, ./stress, 65
2017/07/20 16:53:51.045, Tesla K20Xm, 0000:02:00.0, 0321513034876, GPU-5aeb992d-9956-eecc-36aa-5db7f45438c6, 101990, ./stress, 65
2017/07/20 16:53:52.045, Tesla K20Xm, 0000:02:00.0, 0321513034876, GPU-5aeb992d-9956-eecc-36aa-5db7f45438c6, 101990, ./stress, 65
2017/07/20 16:53:53.046, Tesla K20Xm, 0000:02:00.0, 0321513034876, GPU-5aeb992d-9956-eecc-36aa-5db7f45438c6, 101990, ./stress, 65
2017/07/20 16:53:54.046, Tesla K20Xm, 0000:02:00.0, 0321513034876, GPU-5aeb992d-9956-eecc-36aa-5db7f45438c6, 101990, ./stress, 65
2017/07/20 16:53:55.046, Tesla K20Xm, 0000:02:00.0, 0321513034876, GPU-5aeb992d-9956-eecc-36aa-5db7f45438c6, 101990, ./stress, 65
2017/07/20 16:53:56.047, Tesla K20Xm, 0000:02:00.0, 0321513034876, GPU-5aeb992d-9956-eecc-36aa-5db7f45438c6, 101990, ./stress, 65
2017/07/20 16:53:57.047, Tesla K20Xm, 0000:02:00.0, 0321513034876, GPU-5aeb992d-9956-eecc-36aa-5db7f45438c6, 102003, ./stress, 65
2017/07/20 16:53:58.048, Tesla K20Xm, 0000:02:00.0, 0321513034876, GPU-5aeb992d-9956-eecc-36aa-5db7f45438c6, 102003, ./stress, 65
2017/07/20 16:53:59.048, Tesla K20Xm, 0000:02:00.0, 0321513034876, GPU-5aeb992d-9956-eecc-36aa-5db7f45438c6, 102003, ./stress, 65
2017/07/20 16:54:00.048, Tesla K20Xm, 0000:02:00.0, 0321513034876, GPU-5aeb992d-9956-eecc-36aa-5db7f45438c6, 102003, ./stress, 65
2017/07/20 16:54:01.049, Tesla K20Xm, 0000:02:00.0, 0321513034876, GPU-5aeb992d-9956-eecc-36aa-5db7f45438c6, 102003, ./stress, 65
2017/07/20 16:54:02.049, Tesla K20Xm, 0000:02:00.0, 0321513034876, GPU-5aeb992d-9956-eecc-36aa-5db7f45438c6, 102003, ./stress, 65
2017/07/20 16:54:03.050, Tesla K20Xm, 0000:02:00.0, 0321513034876, GPU-5aeb992d-9956-eecc-36aa-5db7f45438c6, 102003, ./stress, 65
2017/07/20 16:54:04.050, Tesla K20Xm, 0000:02:00.0, 0321513034876, GPU-5aeb992d-9956-eecc-36aa-5db7f45438c6, 102003, ./stress, 65
2017/07/20 16:54:05.050, Tesla K20Xm, 0000:02:00.0, 0321513034876, GPU-5aeb992d-9956-eecc-36aa-5db7f45438c6, 102003, ./stress, 65
2017/07/20 16:54:06.051, Tesla K20Xm, 0000:02:00.0, 0321513034876, GPU-5aeb992d-9956-eecc-36aa-5db7f45438c6, 102003, ./stress, 65
2017/07/20 16:54:07.051, Tesla K20Xm, 0000:02:00.0, 0321513034876, GPU-5aeb992d-9956-eecc-36aa-5db7f45438c6, 102003, ./stress, 65
2017/07/20 16:54:08.051, Tesla K20Xm, 0000:02:00.0, 0321513034876, GPU-5aeb992d-9956-eecc-36aa-5db7f45438c6, 102003, ./stress, 65
2017/07/20 16:54:09.052, Tesla K20Xm, 0000:02:00.0, 0321513034876, GPU-5aeb992d-9956-eecc-36aa-5db7f45438c6, 102003, ./stress, 65
2017/07/20 16:54:10.052, Tesla K20Xm, 0000:02:00.0, 0321513034876, GPU-5aeb992d-9956-eecc-36aa-5db7f45438c6, 102003, ./stress, 65
2017/07/20 16:54:11.052, Tesla K20Xm, 0000:02:00.0, 0321513034876, GPU-5aeb992d-9956-eecc-36aa-5db7f45438c6, 102003, ./stress, 65
2017/07/20 16:54:12.053, Tesla K20Xm, 0000:02:00.0, 0321513034876, GPU-5aeb992d-9956-eecc-36aa-5db7f45438c6, 102003, ./stress, 65
2017/07/20 16:54:13.053, Tesla K20Xm, 0000:02:00.0, 0321513034876, GPU-5aeb992d-9956-eecc-36aa-5db7f45438c6, 102003, ./stress, 65
2017/07/20 16:54:14.054, Tesla K20Xm, 0000:02:00.0, 0321513034876, GPU-5aeb992d-9956-eecc-36aa-5db7f45438c6, 102003, ./stress, 65
2017/07/20 16:54:15.054, Tesla K20Xm, 0000:02:00.0, 0321513034876, GPU-5aeb992d-9956-eecc-36aa-5db7f45438c6, 102003, ./stress, 65
2017/07/20 16:54:16.054, Tesla K20Xm, 0000:02:00.0, 0321513034876, GPU-5aeb992d-9956-eecc-36aa-5db7f45438c6, 102003, ./stress, 65
2017/07/20 16:54:17.055, Tesla K20Xm, 0000:02:00.0, 0321513034876, GPU-5aeb992d-9956-eecc-36aa-5db7f45438c6, 102014, ./stress, 65
2017/07/20 16:54:18.055, Tesla K20Xm, 0000:02:00.0, 0321513034876, GPU-5aeb992d-9956-eecc-36aa-5db7f45438c6, 102014, ./stress, 65
2017/07/20 16:54:19.055, Tesla K20Xm, 0000:02:00.0, 0321513034876, GPU-5aeb992d-9956-eecc-36aa-5db7f45438c6, 102014, ./stress, 65
2017/07/20 16:54:20.056, Tesla K20Xm, 0000:02:00.0, 0321513034876, GPU-5aeb992d-9956-eecc-36aa-5db7f45438c6, 102014, ./stress, 65
2017/07/20 16:54:21.056, Tesla K20Xm, 0000:02:00.0, 0321513034876, GPU-5aeb992d-9956-eecc-36aa-5db7f45438c6, 102014, ./stress, 65
2017/07/20 16:54:22.057, Tesla K20Xm, 0000:02:00.0, 0321513034876, GPU-5aeb992d-9956-eecc-36aa-5db7f45438c6, 102014, ./stress, 65
2017/07/20 16:54:23.057, Tesla K20Xm, 0000:02:00.0, 0321513034876, GPU-5aeb992d-9956-eecc-36aa-5db7f45438c6, 102014, ./stress, 65
2017/07/20 16:54:24.057, Tesla K20Xm, 0000:02:00.0, 0321513034876, GPU-5aeb992d-9956-eecc-36aa-5db7f45438c6, 102014, ./stress, 65
2017/07/20 16:54:25.057, Tesla K20Xm, 0000:02:00.0, 0321513034876, GPU-5aeb992d-9956-eecc-36aa-5db7f45438c6, 102014, ./stress, 65
2017/07/20 16:54:26.058, Tesla K20Xm, 0000:02:00.0, 0321513034876, GPU-5aeb992d-9956-eecc-36aa-5db7f45438c6, 102014, ./stress, 65
2017/07/20 16:54:27.058, Tesla K20Xm, 0000:02:00.0, 0321513034876, GPU-5aeb992d-9956-eecc-36aa-5db7f45438c6, 102014, ./stress, 65
2017/07/20 16:54:28.059, Tesla K20Xm, 0000:02:00.0, 0321513034876, GPU-5aeb992d-9956-eecc-36aa-5db7f45438c6, 102014, ./stress, 65
2017/07/20 16:54:29.059, Tesla K20Xm, 0000:02:00.0, 0321513034876, GPU-5aeb992d-9956-eecc-36aa-5db7f45438c6, 102014, ./stress, 65
2017/07/20 16:54:30.059, Tesla K20Xm, 0000:02:00.0, 0321513034876, GPU-5aeb992d-9956-eecc-36aa-5db7f45438c6, 102014, ./stress, 65
2017/07/20 16:54:31.059, Tesla K20Xm, 0000:02:00.0, 0321513034876, GPU-5aeb992d-9956-eecc-36aa-5db7f45438c6, 102014, ./stress, 65
2017/07/20 16:54:32.060, Tesla K20Xm, 0000:02:00.0, 0321513034876, GPU-5aeb992d-9956-eecc-36aa-5db7f45438c6, 102014, ./stress, 65
2017/07/20 16:54:33.060, Tesla K20Xm, 0000:02:00.0, 0321513034876, GPU-5aeb992d-9956-eecc-36aa-5db7f45438c6, 102014, ./stress, 65
2017/07/20 16:54:34.061, Tesla K20Xm, 0000:02:00.0, 0321513034876, GPU-5aeb992d-9956-eecc-36aa-5db7f45438c6, 102014, ./stress, 65
2017/07/20 16:54:35.061, Tesla K20Xm, 0000:02:00.0, 0321513034876, GPU-5aeb992d-9956-eecc-36aa-5db7f45438c6, 102014, ./stress, 65
2017/07/20 16:54:36.061, Tesla K20Xm, 0000:02:00.0, 0321513034876, GPU-5aeb992d-9956-eecc-36aa-5db7f45438c6, 102014, ./stress, 65
2017/07/20 16:54:37.062, Tesla K20Xm, 0000:02:00.0, 0321513034876, GPU-5aeb992d-9956-eecc-36aa-5db7f45438c6, 102025, ./stress, 65
2017/07/20 16:54:38.062, Tesla K20Xm, 0000:02:00.0, 0321513034876, GPU-5aeb992d-9956-eecc-36aa-5db7f45438c6, 102025, ./stress, 65
2017/07/20 16:54:39.067, Tesla K20Xm, 0000:02:00.0, 0321513034876, GPU-5aeb992d-9956-eecc-36aa-5db7f45438c6, 102025, ./stress, 65
2017/07/20 16:54:40.067, Tesla K20Xm, 0000:02:00.0, 0321513034876, GPU-5aeb992d-9956-eecc-36aa-5db7f45438c6, 102025, ./stress, 65
2017/07/20 16:54:41.067, Tesla K20Xm, 0000:02:00.0, 0321513034876, GPU-5aeb992d-9956-eecc-36aa-5db7f45438c6, 102025, ./stress, 65
2017/07/20 16:54:42.068, Tesla K20Xm, 0000:02:00.0, 0321513034876, GPU-5aeb992d-9956-eecc-36aa-5db7f45438c6, 102025, ./stress, 65
2017/07/20 16:54:43.068, Tesla K20Xm, 0000:02:00.0, 0321513034876, GPU-5aeb992d-9956-eecc-36aa-5db7f45438c6, 102025, ./stress, 65
2017/07/20 16:54:44.069, Tesla K20Xm, 0000:02:00.0, 0321513034876, GPU-5aeb992d-9956-eecc-36aa-5db7f45438c6, 102025, ./stress, 65
2017/07/20 16:54:45.069, Tesla K20Xm, 0000:02:00.0, 0321513034876, GPU-5aeb992d-9956-eecc-36aa-5db7f45438c6, 102025, ./stress, 65
2017/07/20 16:54:46.069, Tesla K20Xm, 0000:02:00.0, 0321513034876, GPU-5aeb992d-9956-eecc-36aa-5db7f45438c6, 102025, ./stress, 65
2017/07/20 16:54:47.070, Tesla K20Xm, 0000:02:00.0, 0321513034876, GPU-5aeb992d-9956-eecc-36aa-5db7f45438c6, 102025, ./stress, 65
2017/07/20 16:54:48.070, Tesla K20Xm, 0000:02:00.0, 0321513034876, GPU-5aeb992d-9956-eecc-36aa-5db7f45438c6, 102025, ./stress, 65
2017/07/20 16:54:49.070, Tesla K20Xm, 0000:02:00.0, 0321513034876, GPU-5aeb992d-9956-eecc-36aa-5db7f45438c6, 102025, ./stress, 65
2017/07/20 16:54:50.071, Tesla K20Xm, 0000:02:00.0, 0321513034876, GPU-5aeb992d-9956-eecc-36aa-5db7f45438c6, 102025, ./stress, 65
2017/07/20 16:54:51.071, Tesla K20Xm, 0000:02:00.0, 0321513034876, GPU-5aeb992d-9956-eecc-36aa-5db7f45438c6, 102025, ./stress, 65
2017/07/20 16:54:52.072, Tesla K20Xm, 0000:02:00.0, 0321513034876, GPU-5aeb992d-9956-eecc-36aa-5db7f45438c6, 102025, ./stress, 65
2017/07/20 16:54:53.072, Tesla K20Xm, 0000:02:00.0, 0321513034876, GPU-5aeb992d-9956-eecc-36aa-5db7f45438c6, 102025, ./stress, 65
2017/07/20 16:54:54.072, Tesla K20Xm, 0000:02:00.0, 0321513034876, GPU-5aeb992d-9956-eecc-36aa-5db7f45438c6, 102025, ./stress, 65
2017/07/20 16:54:55.073, Tesla K20Xm, 0000:02:00.0, 0321513034876, GPU-5aeb992d-9956-eecc-36aa-5db7f45438c6, 102025, ./stress, 65
2017/07/20 16:54:56.073, Tesla K20Xm, 0000:02:00.0, 0321513034876, GPU-5aeb992d-9956-eecc-36aa-5db7f45438c6, 102025, ./stress, 65
2017/07/20 16:54:57.073, Tesla K20Xm, 0000:02:00.0, 0321513034876, GPU-5aeb992d-9956-eecc-36aa-5db7f45438c6, 102037, ./stress, 65
2017/07/20 16:54:58.074, Tesla K20Xm, 0000:02:00.0, 0321513034876, GPU-5aeb992d-9956-eecc-36aa-5db7f45438c6, 102037, ./stress, 65
2017/07/20 16:54:59.074, Tesla K20Xm, 0000:02:00.0, 0321513034876, GPU-5aeb992d-9956-eecc-36aa-5db7f45438c6, 102037, ./stress, 65
2017/07/20 16:55:00.075, Tesla K20Xm, 0000:02:00.0, 0321513034876, GPU-5aeb992d-9956-eecc-36aa-5db7f45438c6, 102037, ./stress, 65
2017/07/20 16:55:01.075, Tesla K20Xm, 0000:02:00.0, 0321513034876, GPU-5aeb992d-9956-eecc-36aa-5db7f45438c6, 102037, ./stress, 65
2017/07/20 16:55:02.075, Tesla K20Xm, 0000:02:00.0, 0321513034876, GPU-5aeb992d-9956-eecc-36aa-5db7f45438c6, 102037, ./stress, 65
2017/07/20 16:55:03.076, Tesla K20Xm, 0000:02:00.0, 0321513034876, GPU-5aeb992d-9956-eecc-36aa-5db7f45438c6, 102037, ./stress, 65
2017/07/20 16:55:04.076, Tesla K20Xm, 0000:02:00.0, 0321513034876, GPU-5aeb992d-9956-eecc-36aa-5db7f45438c6, 102037, ./stress, 65
2017/07/20 16:55:05.076, Tesla K20Xm, 0000:02:00.0, 0321513034876, GPU-5aeb992d-9956-eecc-36aa-5db7f45438c6, 102037, ./stress, 65
2017/07/20 16:55:06.077, Tesla K20Xm, 0000:02:00.0, 0321513034876, GPU-5aeb992d-9956-eecc-36aa-5db7f45438c6, 102037, ./stress, 65
2017/07/20 16:55:07.077, Tesla K20Xm, 0000:02:00.0, 0321513034876, GPU-5aeb992d-9956-eecc-36aa-5db7f45438c6, 102037, ./stress, 65
2017/07/20 16:55:08.077, Tesla K20Xm, 0000:02:00.0, 0321513034876, GPU-5aeb992d-9956-eecc-36aa-5db7f45438c6, 102037, ./stress, 65
2017/07/20 16:55:09.078, Tesla K20Xm, 0000:02:00.0, 0321513034876, GPU-5aeb992d-9956-eecc-36aa-5db7f45438c6, 102037, ./stress, 65
2017/07/20 16:55:10.078, Tesla K20Xm, 0000:02:00.0, 0321513034876, GPU-5aeb992d-9956-eecc-36aa-5db7f45438c6, 102037, ./stress, 65
2017/07/20 16:55:11.078, Tesla K20Xm, 0000:02:00.0, 0321513034876, GPU-5aeb992d-9956-eecc-36aa-5db7f45438c6, 102037, ./stress, 65
2017/07/20 16:55:12.079, Tesla K20Xm, 0000:02:00.0, 0321513034876, GPU-5aeb992d-9956-eecc-36aa-5db7f45438c6, 102037, ./stress, 65
2017/07/20 16:55:13.079, Tesla K20Xm, 0000:02:00.0, 0321513034876, GPU-5aeb992d-9956-eecc-36aa-5db7f45438c6, 102037, ./stress, 65
2017/07/20 16:55:14.079, Tesla K20Xm, 0000:02:00.0, 0321513034876, GPU-5aeb992d-9956-eecc-36aa-5db7f45438c6, 102037, ./stress, 65
2017/07/20 16:55:15.080, Tesla K20Xm, 0000:02:00.0, 0321513034876, GPU-5aeb992d-9956-eecc-36aa-5db7f45438c6, 102037, ./stress, 65
