Node,ElapsedTime,EpochTime,CPUFrequency,CPUTime,CPUUtilization,Util,NodePower,Progress, Counter
nd32,2,1481029313,2600000,0.050000,5.000000,0.3125,110,2, 1
nd32,2,1481029313,2600000,0.050000,5.000000,0.3125,110,2, 2
nd32,4,1481029315,2600000,0.400000,40.000000,2.5,117,4, 1
nd32,4,1481029315,2600000,0.400000,40.000000,2.5,117,4, 2
nd32,6,1481029317,0,0.780000,78.000000,4.875,117,6, 3
nd32,6,1481029317,0,0.780000,78.000000,4.875,117,6, 4
nd32,8,1481029319,650000,1.080000,108.000000,6.75,131,8, 1
nd32,8,1481029319,650000,1.080000,108.000000,6.75,131,8, 2
nd32,10,1481029321,1300000,1.150000,115.000000,7.1875,124,10, 1
nd32,10,1481029321,1300000,1.150000,115.000000,7.1875,124,10, 2
nd32,12,1481029323,1625000,1.360000,136.000000,8.5,124,12, 3
nd32,12,1481029323,1625000,1.360000,136.000000,8.5,124,12, 4
nd32,14,1481029325,1516666,1.820000,182.000000,11.375,131,14, 1
nd32,14,1481029325,1516666,1.820000,182.000000,11.375,131,14, 2
nd32,16,1481029327,1625000,2.190000,219.000000,13.6875,131,16, 3
nd32,16,1481029327,1625000,2.190000,219.000000,13.6875,131,16, 4
nd32,18,1481029329,1820000,2.030000,203.000000,12.6875,131,18, 5
nd32,18,1481029329,1820000,2.030000,203.000000,12.6875,131,18, 6
nd32,20,1481029331,1841666,1.920000,192.000000,12,151,20, 1
nd32,20,1481029331,1841666,1.920000,192.000000,12,151,20, 2
nd32,22,1481029333,1950000,2.060000,206.000000,12.875,138,22, 1
nd32,22,1481029333,1950000,2.060000,206.000000,12.875,138,22, 2
nd32,24,1481029335,1969696,2.080000,208.000000,13,138,24, 3
nd32,24,1481029335,1969696,2.080000,208.000000,13,138,24, 4
nd32,26,1481029337,2037837,2.080000,208.000000,13,138,26, 5
nd32,26,1481029337,2037837,2.080000,208.000000,13,138,26, 6
nd32,31,1481029342,2102127,4.000000,200.000000,12.5,144,31, 1
nd32,32,1481029343,2122448,2.130000,213.000000,13.3125,144,32, 2
nd32,33,1481029344,2090196,1.980000,198.000000,12.375,144,33, 3
nd32,34,1481029345,2109433,2.270000,227.000000,14.1875,144,34, 4
nd32,35,1481029346,2127272,2.020000,202.000000,12.625,144,35, 5
nd32,36,1481029347,2143859,2.090000,209.000000,13.0625,138,36, 1
nd32,37,1481029348,2159322,2.040000,204.000000,12.75,138,37, 2
nd32,38,1481029349,2131147,1.860000,186.000000,11.625,138,38, 3
nd32,39,1481029350,2104761,1.990000,199.000000,12.4375,138,39, 4
nd32,40,1481029351,2120000,2.120000,212.000000,13.25,117,40, 1
nd32,41,1481029352,2102941,2.070000,207.000000,12.9375,117,41, 2
nd32,42,1481029353,2117142,2.140000,214.000000,13.375,144,42, 1
nd32,43,1481029354,2130555,2.230000,223.000000,13.9375,144,43, 2
nd32,44,1481029355,2108108,1.890000,189.000000,11.8125,144,44, 3
nd32,45,1481029356,2121052,2.120000,212.000000,13.25,144,45, 4
nd32,46,1481029357,2133333,2.070000,207.000000,12.9375,117,46, 1
nd32,47,1481029358,2112500,1.880000,188.000000,11.75,117,47, 2
nd32,48,1481029359,2124390,2.040000,204.000000,12.75,131,48, 1
nd32,49,1481029360,2135714,2.150000,215.000000,13.4375,131,49, 2
nd32,50,1481029361,2146511,2.080000,208.000000,13,131,50, 3
nd32,51,1481029362,2156818,2.120000,212.000000,13.25,131,51, 4
nd32,52,1481029363,2166666,2.130000,213.000000,13.3125,138,52, 1
nd32,53,1481029364,2147826,1.930000,193.000000,12.0625,138,53, 2
nd32,54,1481029365,2157446,2.150000,215.000000,13.4375,144,54, 1
nd32,55,1481029366,2139583,1.970000,197.000000,12.3125,144,55, 2
nd32,56,1481029367,2122448,1.890000,189.000000,11.8125,144,56, 3
nd32,57,1481029368,2132000,2.030000,203.000000,12.6875,144,57, 4
nd32,58,1481029369,2120388,2.200000,220.000000,13.75,124,58, 1
nd32,59,1481029370,2129523,2.090000,209.000000,13.0625,124,59, 2
nd32,60,1481029371,2138317,2.190000,219.000000,13.6875,151,60, 1
nd32,61,1481029372,2146788,2.030000,203.000000,12.6875,151,61, 2
nd32,62,1481029373,2131531,1.970000,197.000000,12.3125,151,62, 3
nd32,63,1481029374,2139823,2.170000,217.000000,13.5625,151,63, 4
nd32,64,1481029375,2125217,1.910000,191.000000,11.9375,144,64, 1
nd32,65,1481029376,2111111,1.950000,195.000000,12.1875,144,65, 2
nd32,66,1481029377,2119327,2.030000,203.000000,12.6875,144,66, 3
nd32,67,1481029378,2127272,2.060000,206.000000,12.875,144,67, 4
nd32,68,1481029379,2134959,2.110000,211.000000,13.1875,144,68, 5
nd32,69,1481029380,2142400,2.260000,226.000000,14.125,144,69, 6
nd32,70,1481029381,2129133,1.940000,194.000000,12.125,151,70, 1
nd32,71,1481029382,2136434,2.080000,208.000000,13,151,71, 2
nd32,72,1481029383,2143511,2.120000,212.000000,13.25,144,72, 1
nd32,73,1481029384,2130827,1.860000,186.000000,11.625,144,73, 2
nd32,74,1481029385,2137777,2.040000,204.000000,12.75,144,74, 3
nd32,75,1481029386,2144525,2.020000,202.000000,12.625,144,75, 4
nd32,76,1481029387,2151079,2.110000,211.000000,13.1875,138,76, 1
nd32,77,1481029388,2142253,2.200000,220.000000,13.75,138,77, 2
nd32,78,1481029389,2148611,2.270000,227.000000,14.1875,131,78, 1
nd32,79,1481029390,2136986,1.910000,191.000000,11.9375,131,79, 2
nd32,80,1481029391,2143243,2.110000,211.000000,13.1875,131,80, 3
nd32,81,1481029392,2149333,2.040000,204.000000,12.75,131,81, 4
nd32,82,1481029393,2138157,1.850000,185.000000,11.5625,144,82, 1
nd32,83,1481029394,2144155,2.010000,201.000000,12.5625,144,83, 2
nd32,85,1481029396,2155696,2.050000,205.000000,12.8125,151,85, 1
nd32,85,1481029396,2155696,2.050000,205.000000,12.8125,151,85, 2
nd32,87,1481029398,2166666,2.170000,217.000000,13.5625,151,87, 3
nd32,87,1481029398,2166666,2.170000,217.000000,13.5625,151,87, 4
nd32,89,1481029400,2161445,2.080000,208.000000,13,131,89, 1
nd32,89,1481029400,2161445,2.080000,208.000000,13,131,89, 2
nd32,91,1481029402,2141176,1.930000,193.000000,12.0625,131,91, 3
nd32,91,1481029402,2141176,1.930000,193.000000,12.0625,131,91, 4
nd32,93,1481029404,2151724,2.110000,211.000000,13.1875,131,93, 5
nd32,93,1481029404,2151724,2.110000,211.000000,13.1875,131,93, 6
nd32,95,1481029406,2149720,2.220000,222.000000,13.875,144,95, 1
nd32,95,1481029406,2149720,2.220000,222.000000,13.875,144,95, 2
nd32,97,1481029408,2159562,2.070000,207.000000,12.9375,138,97, 1
nd32,97,1481029408,2159562,2.070000,207.000000,12.9375,138,97, 2
nd32,99,1481029410,2155080,1.910000,191.000000,11.9375,138,99, 3
nd32,99,1481029410,2155080,1.910000,191.000000,11.9375,138,99, 4
nd32,101,1481029412,2137172,1.990000,199.000000,12.4375,131,101, 1
nd32,101,1481029412,2137172,1.990000,199.000000,12.4375,131,101, 2
nd32,103,1481029414,2146666,2.090000,209.000000,13.0625,144,103, 1
nd32,103,1481029414,2146666,2.090000,209.000000,13.0625,144,103, 2
nd32,105,1481029416,2142713,1.930000,193.000000,12.0625,144,105, 3
nd32,105,1481029416,2142713,1.930000,193.000000,12.0625,144,105, 4
nd32,107,1481029418,2151724,2.030000,203.000000,12.6875,138,107, 1
nd32,107,1481029418,2151724,2.030000,203.000000,12.6875,138,107, 2
nd32,109,1481029420,2135265,1.960000,196.000000,12.25,131,109, 1
nd32,109,1481029420,2135265,1.960000,196.000000,12.25,131,109, 2
nd32,111,1481029422,2144075,2.100000,210.000000,13.125,131,111, 3
nd32,111,1481029422,2144075,2.100000,210.000000,13.125,131,111, 4
nd32,116,1481029427,2154954,4.080000,204.000000,12.75,138,116, 1
nd32,117,1481029428,2147321,1.930000,193.000000,12.0625,138,117, 2
nd32,118,1481029429,2139823,1.990000,199.000000,12.4375,138,118, 3
nd32,119,1481029430,2143859,2.070000,207.000000,12.9375,138,119, 4
nd32,120,1481029431,2147826,2.030000,203.000000,12.6875,138,120, 5
nd32,121,1481029432,1200000,-230.330000,-23033.000000,-1439.56,151,0.5, 1
nd32,122,1481029433,1200000,0.230000,23.000000,1.4375,151,1.5, 2
nd32,123,1481029434,1200000,0.590000,59.000000,3.6875,151,2.5, 3
nd32,124,1481029435,218000000,0.790000,79.000000,4.9375,96,3.5, 1
nd32,125,1481029436,110300000,1.040000,104.000000,6.5,96,4.5, 2
nd32,126,1481029437,73933333,1.280000,128.000000,8,96,5.5, 3
nd32,127,1481029438,44600000,1.510000,151.000000,9.4375,117,6.5, 1
nd32,128,1481029439,32028571,1.760000,176.000000,11,117,7.5, 2
nd32,129,1481029440,25044444,1.980000,198.000000,12.375,117,8.5, 3
nd32,130,1481029441,20709090,2.160000,216.000000,13.5,96,9.5, 1
nd32,131,1481029442,17707692,2.390000,239.000000,14.9375,96,10.5, 2
nd32,132,1481029443,14537500,2.620000,262.000000,16.375,96,11.5, 3
nd32,133,1481029444,12368421,2.870000,287.000000,17.9375,96,12.5, 4
nd32,134,1481029445,11036363,3.180000,318.000000,19.875,96,13.5, 5
nd32,135,1481029446,9638461,3.650000,365.000000,22.8125,96,14.5, 6
nd32,136,1481029447,8700000,4.010000,401.000000,25.0625,144,15.5, 1
nd32,137,1481029448,7982352,4.060000,406.000000,25.375,144,16.5, 2
nd32,138,1481029449,7545945,3.740000,374.000000,23.375,144,17.5, 3
nd32,139,1481029450,7000000,3.680000,368.000000,23,110,18.5, 1
nd32,140,1481029451,6457777,3.750000,375.000000,23.4375,110,19.5, 2
nd32,141,1481029452,6089795,3.970000,397.000000,24.8125,110,20.5, 3
nd32,142,1481029453,5826415,4.140000,414.000000,25.875,165,21.5, 1
nd32,143,1481029454,5600000,4.330000,433.000000,27.0625,165,22.5, 2
nd32,144,1481029455,5403278,4.140000,414.000000,25.875,165,23.5, 3
nd32,145,1481029456,5190769,3.790000,379.000000,23.6875,117,24.5, 1
nd32,146,1481029457,5002898,3.650000,365.000000,22.8125,117,25.5, 2
nd32,147,1481029458,4835616,3.710000,371.000000,23.1875,117,26.5, 3
nd32,148,1481029459,4719480,4.170000,417.000000,26.0625,151,27.5, 1
nd32,149,1481029460,4614814,4.090000,409.000000,25.5625,151,28.5, 2
nd32,150,1481029461,4520000,4.180000,418.000000,26.125,151,29.5, 3
nd32,151,1481029462,4433707,4.200000,420.000000,26.25,124,30.5, 1
nd32,152,1481029463,4326881,3.880000,388.000000,24.25,124,31.5, 2
nd32,153,1481029464,4228865,3.610000,361.000000,22.5625,124,32.5, 3
nd32,154,1481029465,4138000,3.690000,369.000000,23.0625,158,33.5, 1
nd32,155,1481029466,4078846,4.070000,407.000000,25.4375,158,34.5, 2
nd32,156,1481029467,3987155,4.220000,422.000000,26.375,158,35.5, 3
nd32,157,1481029468,3938053,4.080000,408.000000,25.5,151,36.5, 1
nd32,158,1481029469,3892307,4.230000,423.000000,26.4375,151,37.5, 2
nd32,159,1481029470,3828099,3.940000,394.000000,24.625,144,38.5, 1
nd32,160,1481029471,3764516,3.530000,353.000000,22.0625,144,39.5, 2
nd32,161,1481029472,3707812,3.820000,382.000000,23.875,144,40.5, 3
nd32,162,1481029473,3674242,4.100000,410.000000,25.625,144,41.5, 4
nd32,163,1481029474,3642647,4.100000,410.000000,25.625,158,42.5, 1
nd32,164,1481029475,3587234,4.140000,414.000000,25.875,158,43.5, 2
nd32,165,1481029476,3560000,4.260000,426.000000,26.625,138,44.5, 1
nd32,166,1481029477,3516778,3.690000,369.000000,23.0625,138,45.5, 2
nd32,167,1481029478,3498684,3.780000,378.000000,23.625,138,46.5, 3
nd32,168,1481029479,3432051,3.810000,381.000000,23.8125,138,47.5, 4
nd32,169,1481029480,3411250,4.160000,416.000000,26,158,48.5, 1
nd32,170,1481029481,3391463,4.070000,407.000000,25.4375,158,49.5, 2
nd32,171,1481029482,3372619,4.120000,412.000000,25.75,124,50.5, 1
nd32,172,1481029483,3335260,4.130000,413.000000,25.8125,124,51.5, 2
nd32,173,1481029484,3322727,3.840000,384.000000,24,124,52.5, 3
nd32,174,1481029485,3292222,3.690000,369.000000,23.0625,124,53.5, 4
nd32,176,1481029487,3248936,4.270000,427.000000,26.6875,151,55.5, 1
nd32,176,1481029487,3248936,4.270000,427.000000,26.6875,151,55.5, 2
nd32,178,1481029489,3222448,4.150000,415.000000,25.9375,131,57.5, 1
nd32,178,1481029489,3222448,4.150000,415.000000,25.9375,131,57.5, 2
nd32,180,1481029491,3185294,3.870000,387.000000,24.1875,131,59.5, 3
nd32,180,1481029491,3185294,3.870000,387.000000,24.1875,131,59.5, 4
nd32,182,1481029493,3118867,3.670000,367.000000,22.9375,158,61.5, 1
nd32,182,1481029493,3118867,3.670000,367.000000,22.9375,158,61.5, 2
nd32,184,1481029495,3100000,4.050000,405.000000,25.3125,158,63.5, 3
nd32,184,1481029495,3100000,4.050000,405.000000,25.3125,158,63.5, 4
nd32,186,1481029497,3082456,4.080000,408.000000,25.5,158,65.5, 5
nd32,186,1481029497,3082456,4.080000,408.000000,25.5,158,65.5, 6
nd32,188,1481029499,3026271,3.560000,356.000000,22.25,131,67.5, 1
nd32,188,1481029499,3026271,3.560000,356.000000,22.25,131,67.5, 2
nd32,190,1481029501,3001639,4.260000,426.000000,26.625,165,69.5, 1
nd32,190,1481029501,3001639,4.260000,426.000000,26.625,165,69.5, 2
nd32,192,1481029503,2988888,4.230000,423.000000,26.4375,165,71.5, 3
nd32,192,1481029503,2988888,4.230000,423.000000,26.4375,165,71.5, 4
nd32,194,1481029505,2966923,3.730000,373.000000,23.3125,117,73.5, 1
nd32,194,1481029505,2966923,3.730000,373.000000,23.3125,117,73.5, 2
nd32,196,1481029507,2916104,3.800000,380.000000,23.75,158,75.5, 1
nd32,196,1481029507,2916104,3.800000,380.000000,23.75,158,75.5, 2
nd32,198,1481029509,2896376,4.180000,418.000000,26.125,158,77.5, 3
nd32,198,1481029509,2896376,4.180000,418.000000,26.125,158,77.5, 4
nd32,201,1481029512,2875000,7.820000,391.000000,24.4375,124,80.5, 1
nd32,202,1481029513,2857731,3.580000,358.000000,22.375,165,81.5, 1
nd32,203,1481029514,2831186,3.820000,382.000000,23.875,165,82.5, 2
nd32,204,1481029515,2818666,4.310000,431.000000,26.9375,165,83.5, 3
nd32,205,1481029516,2815789,4.080000,408.000000,25.5,124,84.5, 1
nd32,206,1481029517,2812987,4.310000,431.000000,26.9375,124,85.5, 2
nd32,207,1481029518,2810256,4.110000,411.000000,25.6875,124,86.5, 3
nd32,208,1481029519,2799367,3.670000,367.000000,22.9375,144,87.5, 1
nd32,209,1481029520,2784326,3.560000,356.000000,22.25,144,88.5, 2
nd32,210,1481029521,2773993,3.790000,379.000000,23.6875,144,89.5, 3
nd32,211,1481029522,2771865,4.190000,419.000000,26.1875,158,90.5, 1
nd32,212,1481029523,2769788,4.180000,418.000000,26.125,158,91.5, 2
nd32,213,1481029524,2759523,4.290000,429.000000,26.8125,158,92.5, 3
nd32,214,1481029525,2750000,3.990000,399.000000,24.9375,131,93.5, 1
nd32,215,1481029526,2740697,3.780000,378.000000,23.625,131,94.5, 2
nd32,216,1481029527,2727377,3.610000,361.000000,22.5625,131,95.5, 3
nd32,217,1481029528,2706552,3.600000,360.000000,22.5,158,96.5, 1
nd32,218,1481029529,2705352,4.240000,424.000000,26.5,158,97.5, 2
nd32,219,1481029530,2704178,4.420000,442.000000,27.625,158,98.5, 3
nd32,220,1481029531,2695604,4.210000,421.000000,26.3125,117,99.5, 1
nd32,221,1481029532,2694822,3.840000,384.000000,24,117,100.5, 2
nd32,222,1481029533,2686792,3.820000,382.000000,23.875,117,101.5, 3
nd32,223,1481029534,2678933,3.580000,358.000000,22.375,158,102.5, 1
nd32,224,1481029535,2671240,3.670000,367.000000,22.9375,158,103.5, 2
nd32,225,1481029536,2670496,4.330000,433.000000,27.0625,158,104.5, 3
nd32,226,1481029537,2669767,4.370000,437.000000,27.3125,124,105.5, 1
nd32,227,1481029538,2669053,4.240000,424.000000,26.5,124,106.5, 2
nd32,228,1481029539,2661772,3.890000,389.000000,24.3125,124,107.5, 3
nd32,229,1481029540,2654636,3.710000,371.000000,23.1875,165,108.5, 1
nd32,230,1481029541,2637220,3.710000,371.000000,23.1875,165,109.5, 2
nd32,231,1481029542,2626600,3.590000,359.000000,22.4375,165,110.5, 3
nd32,232,1481029543,2619951,4.400000,440.000000,27.5,124,111.5, 1
nd32,233,1481029544,2619759,4.350000,435.000000,27.1875,124,112.5, 2
nd32,234,1481029545,2619570,4.180000,418.000000,26.125,124,113.5, 3
nd32,235,1481029546,2613238,3.850000,385.000000,24.0625,124,114.5, 4
nd32,236,1481029547,2607025,3.690000,369.000000,23.0625,124,115.5, 5
nd32,237,1481029548,2591183,3.680000,368.000000,23,124,116.5, 6
nd32,238,1481029549,2591244,3.860000,386.000000,24.125,158,117.5, 1
nd32,239,1481029550,2585421,4.220000,422.000000,26.375,158,118.5, 2
nd32,240,1481029551,2585553,4.430000,443.000000,27.6875,158,119.5, 3
nd32,241,1481029552,2585682,4.200000,420.000000,26.25,96,0, 1
nd32,242,1481029553,2600000,-447.690000,-44769.000000,-2798.06,96,1, 2
nd32,243,1481029554,1200000,0.330000,33.000000,2.0625,96,2, 3
nd32,244,1481029555,4288567296,0.800000,80.000000,5,124,3, 1
nd32,245,1481029556,2144883648,1.120000,112.000000,7,124,4, 2
nd32,246,1481029557,1430322432,1.490000,149.000000,9.3125,124,5, 3
nd32,247,1481029558,858433459,1.820000,182.000000,11.375,138,6, 1
nd32,248,1481029559,613509613,2.160000,216.000000,13.5,138,7, 2
nd32,249,1481029560,200000,2.520000,252.000000,15.75,138,8, 3
nd32,250,1481029561,338461,2.850000,285.000000,17.8125,172,9, 1
nd32,251,1481029562,500000,3.200000,320.000000,20,172,10, 2
nd32,252,1481029563,610526,3.560000,356.000000,22.25,172,11, 3
nd32,253,1481029564,660869,3.910000,391.000000,24.4375,165,12, 1
nd32,254,1481029565,714285,4.230000,423.000000,26.4375,165,13, 2
nd32,255,1481029566,775000,4.620000,462.000000,28.875,165,14, 3
nd32,256,1481029567,800000,4.940000,494.000000,30.875,138,15, 1
nd32,257,1481029568,847619,5.220000,522.000000,32.625,138,16, 2
nd32,258,1481029569,1012500,5.580000,558.000000,34.875,138,17, 3
nd32,259,1481029570,1162264,5.610000,561.000000,35.0625,200,18, 1
nd32,280,1481029591,2136470,111.170000,555.850000,34.7406,103,39, 1
nd32,281,1481029592,2137500,5.580000,558.000000,34.875,103,40, 2
nd32,282,1481029593,2150276,5.630000,563.000000,35.1875,103,41, 3
nd32,283,1481029594,2150802,5.580000,558.000000,34.875,110,42, 1
nd32,284,1481029595,2151295,5.620000,562.000000,35.125,110,43, 2
nd32,305,1481029616,2321543,113.170000,565.850000,35.3656,110,64, 3
nd32,305,1481029616,2321543,113.170000,565.850000,35.3656,110,64, 4
nd32,307,1481029618,2315789,5.680000,568.000000,35.5,110,66, 5
nd32,307,1481029618,2315789,5.680000,568.000000,35.5,110,66, 6
nd32,309,1481029620,2317365,5.690000,569.000000,35.5625,151,68, 1
nd32,309,1481029620,2317365,5.690000,569.000000,35.5625,151,68, 2
nd32,311,1481029622,2318840,5.630000,563.000000,35.1875,110,70, 1
nd32,311,1481029622,2318840,5.630000,563.000000,35.1875,110,70, 2
nd32,313,1481029624,2313725,5.620000,562.000000,35.125,110,72, 3
nd32,313,1481029624,2313725,5.620000,562.000000,35.125,110,72, 4
nd32,315,1481029626,2315217,5.630000,563.000000,35.1875,144,74, 1
nd32,315,1481029626,2315217,5.630000,563.000000,35.1875,144,74, 2
nd32,317,1481029628,2316622,5.650000,565.000000,35.3125,193,76, 1
nd32,317,1481029628,2316622,5.650000,565.000000,35.3125,193,76, 2
nd32,319,1481029630,2312020,5.650000,565.000000,35.3125,193,78, 3
nd32,319,1481029630,2312020,5.650000,565.000000,35.3125,193,78, 4
nd32,321,1481029632,2313432,5.640000,564.000000,35.25,213,80, 1
nd32,321,1481029632,2313432,5.640000,564.000000,35.25,213,80, 2
nd32,323,1481029634,2314769,5.600000,560.000000,35,220,82, 1
nd32,323,1481029634,2314769,5.600000,560.000000,35,220,82, 2
nd32,325,1481029636,2316037,5.630000,563.000000,35.1875,220,84, 3
nd32,325,1481029636,2316037,5.630000,563.000000,35.1875,220,84, 4
nd32,327,1481029638,2311926,5.640000,564.000000,35.25,213,86, 1
nd32,327,1481029638,2311926,5.640000,564.000000,35.25,213,86, 2
nd32,329,1481029640,2313199,5.600000,560.000000,35,213,88, 3
nd32,329,1481029640,2313199,5.600000,560.000000,35,213,88, 4
nd32,331,1481029642,2314410,5.560000,556.000000,34.75,213,90, 5
nd32,331,1481029642,2314410,5.560000,556.000000,34.75,213,90, 6
nd32,333,1481029644,2315565,5.560000,556.000000,34.75,227,92, 1
nd32,333,1481029644,2315565,5.560000,556.000000,34.75,227,92, 2
nd32,335,1481029646,2316666,5.580000,558.000000,34.875,207,94, 1
nd32,335,1481029646,2316666,5.580000,558.000000,34.875,207,94, 2
nd32,337,1481029648,2317718,5.530000,553.000000,34.5625,207,96, 3
nd32,337,1481029648,2317718,5.530000,553.000000,34.5625,207,96, 4
nd32,339,1481029650,2314115,5.580000,558.000000,34.875,227,98, 1
nd32,339,1481029650,2314115,5.580000,558.000000,34.875,227,98, 2
nd32,341,1481029652,2315175,5.540000,554.000000,34.625,207,100, 1
nd32,341,1481029652,2315175,5.540000,554.000000,34.625,207,100, 2
nd32,346,1481029657,2325092,11.120000,556.000000,34.75,179,105, 1
nd32,347,1481029658,2327605,5.580000,558.000000,34.875,138,106, 1
nd32,348,1481029659,2325858,5.520000,552.000000,34.5,138,107, 2
nd32,349,1481029660,2328315,5.610000,561.000000,35.0625,179,108, 1
nd32,350,1481029661,2326595,5.520000,552.000000,34.5,179,109, 2
nd32,351,1481029662,2328998,5.610000,561.000000,35.0625,179,110, 3
nd32,352,1481029663,2327304,5.580000,558.000000,34.875,179,111, 4
nd32,353,1481029664,2329655,5.520000,552.000000,34.5,138,112, 1
nd32,354,1481029665,2327986,5.540000,554.000000,34.625,138,113, 2
nd32,355,1481029666,2326351,5.570000,557.000000,34.8125,138,114, 3
nd32,356,1481029667,2328643,5.500000,550.000000,34.375,138,115, 4
nd32,357,1481029668,2327031,5.570000,557.000000,34.8125,138,116, 5
nd32,358,1481029669,2329276,5.550000,555.000000,34.6875,138,117, 6
nd32,359,1481029670,2327687,5.540000,554.000000,34.625,117,118, 1
nd32,360,1481029671,2329886,5.530000,553.000000,34.5625,117,119, 2
nd32,361,1481029672,2328320,5.560000,556.000000,34.75,138,120, 1
nd32,362,1481029673,2600000,-625.300000,-62530.000000,-3908.12,138,0.5, 2
nd32,363,1481029674,2600000,0.330000,33.000000,2.0625,138,1.5, 3
nd32,364,1481029675,4125167296,0.720000,72.000000,4.5,138,2.5, 4
nd32,365,1481029676,2063883648,1.100000,110.000000,6.875,124,3.5, 1
nd32,366,1481029677,1376789098,1.480000,148.000000,9.25,124,4.5, 2
nd32,367,1481029678,826593459,1.830000,183.000000,11.4375,151,5.5, 1
nd32,368,1481029679,591166756,2.260000,226.000000,14.125,151,6.5, 2
nd32,369,1481029680,414336729,2.780000,278.000000,17.375,151,7.5, 3
nd32,370,1481029681,319320561,3.250000,325.000000,20.3125,151,8.5, 4
nd32,371,1481029682,244645135,3.720000,372.000000,23.25,138,9.5, 1
nd32,372,1481029683,198541299,4.180000,418.000000,26.125,138,10.5, 2
nd32,373,1481029684,160760280,4.660000,466.000000,29.125,138,11.5, 3
nd32,374,1481029685,135024751,5.100000,510.000000,31.875,138,12.5, 4
nd32,395,1481029706,1468235,133.870000,669.350000,41.8344,172,33.5, 1
nd32,395,1481029706,1468235,133.870000,669.350000,41.8344,172,33.5, 2
nd32,416,1481029727,1970700,136.400000,682.000000,42.625,172,54.5, 3
nd32,416,1481029727,1970700,136.400000,682.000000,42.625,172,54.5, 4
nd32,418,1481029729,1987767,6.890000,689.000000,43.0625,172,56.5, 5
nd32,418,1481029729,1987767,6.890000,689.000000,43.0625,172,56.5, 6
nd32,423,1481029734,1975138,13.840000,692.000000,43.25,158,61.5, 1
nd32,424,1481029735,1979945,6.970000,697.000000,43.5625,158,62.5, 2
nd32,425,1481029736,1984574,6.900000,690.000000,43.125,144,63.5, 1
nd32,426,1481029737,1989033,6.830000,683.000000,42.6875,144,64.5, 2
nd32,427,1481029738,1998457,6.920000,692.000000,43.25,144,65.5, 3
nd32,428,1481029739,2002525,6.950000,695.000000,43.4375,158,66.5, 1
nd32,429,1481029740,2006451,6.850000,685.000000,42.8125,158,67.5, 2
nd32,430,1481029741,2010243,6.950000,695.000000,43.4375,158,68.5, 3
nd32,431,1481029742,2013908,6.970000,697.000000,43.5625,158,69.5, 4
nd32,432,1481029743,2017452,6.930000,693.000000,43.3125,158,70.5, 5
nd32,433,1481029744,2020881,6.960000,696.000000,43.5,158,71.5, 6
nd32,434,1481029745,2024200,6.890000,689.000000,43.0625,144,72.5, 1
nd32,435,1481029746,2027415,6.860000,686.000000,42.875,144,73.5, 2
nd32,436,1481029747,2030530,6.970000,697.000000,43.5625,144,74.5, 3
nd32,437,1481029748,2033551,6.890000,689.000000,43.0625,158,75.5, 1
nd32,438,1481029749,2040860,6.820000,682.000000,42.625,158,76.5, 2
nd32,439,1481029750,2043644,6.930000,693.000000,43.3125,158,77.5, 3
nd32,440,1481029751,2046346,6.920000,692.000000,43.25,158,78.5, 4
nd32,441,1481029752,2048971,6.820000,682.000000,42.625,158,79.5, 5
nd32,442,1481029753,2051521,6.910000,691.000000,43.1875,158,80.5, 6
nd32,443,1481029754,2059200,7.010000,701.000000,43.8125,172,81.5, 1
nd32,444,1481029755,2061538,6.900000,690.000000,43.125,172,82.5, 2
nd32,445,1481029756,2063813,6.920000,692.000000,43.25,172,83.5, 3
nd32,446,1481029757,2066026,6.880000,688.000000,43,158,84.5, 1
nd32,447,1481029758,2068181,6.860000,686.000000,42.875,158,85.5, 2
nd32,448,1481029759,2070280,6.960000,696.000000,43.5,158,86.5, 3
nd32,449,1481029760,2072324,6.950000,695.000000,43.4375,179,87.5, 1
nd32,450,1481029761,2078102,6.820000,682.000000,42.625,179,88.5, 2
nd32,451,1481029762,2080000,6.890000,689.000000,43.0625,179,89.5, 3
nd32,452,1481029763,2081850,6.950000,695.000000,43.4375,172,90.5, 1
nd32,453,1481029764,2083655,6.850000,685.000000,42.8125,172,91.5, 2
nd32,454,1481029765,2085416,6.890000,689.000000,43.0625,172,92.5, 3
nd32,455,1481029766,2087135,6.990000,699.000000,43.6875,172,93.5, 4
nd32,456,1481029767,2088813,6.990000,699.000000,43.6875,172,94.5, 5
nd32,457,1481029768,2090452,6.890000,689.000000,43.0625,172,95.5, 6
nd32,458,1481029769,2096357,7.020000,702.000000,43.875,165,96.5, 1
nd32,459,1481029770,2102127,7.100000,710.000000,44.375,165,97.5, 2
nd32,460,1481029771,2107766,7.010000,701.000000,43.8125,165,98.5, 3
nd32,461,1481029772,2113280,7.050000,705.000000,44.0625,172,99.5, 1
nd32,462,1481029773,2114556,6.910000,691.000000,43.1875,172,100.5, 2
nd32,463,1481029774,2115805,6.870000,687.000000,42.9375,172,101.5, 3
nd32,464,1481029775,2117027,6.940000,694.000000,43.375,172,102.5, 4
nd32,465,1481029776,2118223,6.980000,698.000000,43.625,172,103.5, 5
nd32,466,1481029777,2119393,6.850000,685.000000,42.8125,179,104.5, 1
nd32,467,1481029778,2124437,7.030000,703.000000,43.9375,179,105.5, 2
nd32,468,1481029779,2129376,7.100000,710.000000,44.375,179,106.5, 3
nd32,469,1481029780,2134214,7.090000,709.000000,44.3125,179,107.5, 4
nd32,470,1481029781,2138953,7.110000,711.000000,44.4375,179,108.5, 5
nd32,471,1481029782,2143597,7.080000,708.000000,44.25,179,109.5, 6
nd32,472,1481029783,2148148,7.000000,700.000000,43.75,165,110.5, 1
nd32,473,1481029784,2152609,7.040000,704.000000,44,165,111.5, 2
nd32,474,1481029785,2153351,6.990000,699.000000,43.6875,165,112.5, 3
nd32,475,1481029786,2154080,6.840000,684.000000,42.75,165,113.5, 4
nd32,476,1481029787,2158356,7.080000,708.000000,44.25,172,114.5, 1
nd32,477,1481029788,2159023,6.710000,671.000000,41.9375,172,115.5, 2
nd32,478,1481029789,2159677,6.940000,694.000000,43.375,179,116.5, 1
nd32,479,1481029790,2163781,7.080000,708.000000,44.25,179,117.5, 2
nd32,480,1481029791,2167810,7.210000,721.000000,45.0625,179,118.5, 3
nd32,481,1481029792,2171764,7.200000,720.000000,45,179,119.5, 4
nd32,483,1481029794,1200000,-772.740000,-77274.000000,-4829.62,165,1, 1
nd32,483,1481029794,1200000,-772.740000,-77274.000000,-4829.62,165,1, 2
nd32,485,1481029796,754400000,1.140000,114.000000,7.125,117,3, 1
nd32,485,1481029796,754400000,1.140000,114.000000,7.125,117,3, 2
nd32,487,1481029798,152440000,2.110000,211.000000,13.1875,117,5, 3
nd32,487,1481029798,152440000,2.110000,211.000000,13.1875,117,5, 4
nd32,489,1481029800,70472727,3.070000,307.000000,19.1875,96,7, 1
nd32,489,1481029800,70472727,3.070000,307.000000,19.1875,96,7, 2
nd32,491,1481029802,44077777,4.030000,403.000000,25.1875,138,9, 1
nd32,491,1481029802,44077777,4.030000,403.000000,25.1875,138,9, 2
nd32,493,1481029804,29171428,5.110000,511.000000,31.9375,138,11, 3
nd32,493,1481029804,29171428,5.110000,511.000000,31.9375,138,11, 4
nd32,495,1481029806,21135000,6.240000,624.000000,39,144,13, 1
nd32,495,1481029806,21135000,6.240000,624.000000,39,144,13, 2
nd32,497,1481029808,16281481,7.350000,735.000000,45.9375,172,15, 1
nd32,497,1481029808,16281481,7.350000,735.000000,45.9375,172,15, 2
nd32,499,1481029810,13117142,8.380000,838.000000,52.375,172,17, 3
nd32,499,1481029810,13117142,8.380000,838.000000,52.375,172,17, 4
nd32,501,1481029812,11032183,8.240000,824.000000,51.5,165,19, 1
nd32,501,1481029812,11032183,8.240000,824.000000,51.5,165,19, 2
nd32,506,1481029817,8310937,16.670000,833.500000,52.0938,186,24, 1
nd32,507,1481029818,7975000,8.470000,847.000000,52.9375,186,25, 2
nd32,508,1481029819,7623448,8.540000,854.000000,53.375,186,26, 3
nd32,509,1481029820,7360784,8.460000,846.000000,52.875,193,27, 1
nd32,510,1481029821,7080246,8.480000,848.000000,53,193,28, 2
nd32,511,1481029822,6869411,8.430000,843.000000,52.6875,193,29, 3
nd32,512,1481029823,6640223,8.340000,834.000000,52.125,165,30, 1
nd32,513,1481029824,6467379,8.200000,820.000000,51.25,165,31, 2
nd32,514,1481029825,6308717,8.220000,822.000000,51.375,165,32, 3
nd32,515,1481029826,6162561,8.200000,820.000000,51.25,172,33, 1
nd32,516,1481029827,6027488,8.180000,818.000000,51.125,172,34, 2
nd32,517,1481029828,5875454,8.240000,824.000000,51.5,172,35, 3
nd32,518,1481029829,5760526,8.380000,838.000000,52.375,186,36, 1
nd32,519,1481029830,5653389,8.410000,841.000000,52.5625,186,37, 2
nd32,520,1481029831,5530612,8.510000,851.000000,53.1875,186,38, 3
nd32,521,1481029832,5437944,8.480000,848.000000,53,193,39, 1
nd32,522,1481029833,5330534,8.500000,850.000000,53.125,193,40, 2
nd32,523,1481029834,5249629,8.430000,843.000000,52.6875,193,41, 3
nd32,524,1481029835,5154838,8.330000,833.000000,52.0625,172,42, 1
nd32,525,1481029836,5083623,8.230000,823.000000,51.4375,172,43, 2
nd32,526,1481029837,5016271,8.240000,824.000000,51.5,172,44, 3
nd32,527,1481029838,4952475,8.150000,815.000000,50.9375,165,45, 1
nd32,528,1481029839,4876282,8.210000,821.000000,51.3125,165,46, 2
nd32,529,1481029840,4819375,8.220000,822.000000,51.375,165,47, 3
nd32,530,1481029841,4765243,8.290000,829.000000,51.8125,179,48, 1
nd32,531,1481029842,4699703,8.460000,846.000000,52.875,179,49, 2
nd32,532,1481029843,4651014,8.480000,848.000000,53,179,50, 3
nd32,533,1481029844,4604532,8.470000,847.000000,52.9375,193,51, 1
nd32,534,1481029845,4547513,8.530000,853.000000,53.3125,193,52, 2
nd32,535,1481029846,4505405,8.480000,848.000000,53,193,53, 3
nd32,536,1481029847,4453298,8.370000,837.000000,52.3125,179,54, 1
nd32,537,1481029848,4414987,8.260000,826.000000,51.625,179,55, 2
nd32,538,1481029849,4378227,8.230000,823.000000,51.4375,179,56, 3
nd32,539,1481029850,4332178,8.170000,817.000000,51.0625,172,57, 1
nd32,540,1481029851,4298543,8.210000,821.000000,51.3125,172,58, 2
nd32,541,1481029852,4266190,8.200000,820.000000,51.25,172,59, 3
nd32,542,1481029853,4235046,8.260000,826.000000,51.625,179,60, 1
nd32,543,1481029854,4195423,8.410000,841.000000,52.5625,179,61, 2
nd32,544,1481029855,4166741,8.490000,849.000000,53.0625,179,62, 3
nd32,545,1481029856,4129955,8.520000,852.000000,53.25,193,63, 1
nd32,546,1481029857,4103463,8.460000,846.000000,52.875,193,64, 2
nd32,547,1481029858,4069214,8.540000,854.000000,53.375,193,65, 3
nd32,548,1481029859,4044676,8.430000,843.000000,52.6875,186,66, 1
nd32,549,1481029860,4020944,8.240000,824.000000,51.5,186,67, 2
nd32,550,1481029861,3989919,8.250000,825.000000,51.5625,186,68, 3
nd32,551,1481029862,3967857,8.190000,819.000000,51.1875,165,69, 1
nd32,552,1481029863,3946484,8.170000,817.000000,51.0625,165,70, 2
nd32,553,1481029864,3925769,8.210000,821.000000,51.3125,165,71, 3
nd32,554,1481029865,3905681,8.250000,825.000000,51.5625,172,72, 1
nd32,555,1481029866,3878957,8.350000,835.000000,52.1875,172,73, 2
nd32,556,1481029867,3860183,8.460000,846.000000,52.875,172,74, 3
nd32,557,1481029868,3835018,8.510000,851.000000,53.1875,193,75, 1
nd32,558,1481029869,3817437,8.520000,852.000000,53.25,193,76, 2
nd32,559,1481029870,3793695,8.470000,847.000000,52.9375,193,77, 3
nd32,560,1481029871,3777202,8.450000,845.000000,52.8125,186,78, 1
nd32,561,1481029872,3761158,8.350000,835.000000,52.1875,186,79, 2
nd32,562,1481029873,3739261,8.210000,821.000000,51.3125,186,80, 3
nd32,563,1481029874,3724172,8.210000,821.000000,51.3125,165,81, 1
nd32,564,1481029875,3709477,8.210000,821.000000,51.3125,165,82, 2
nd32,565,1481029876,3695161,8.190000,819.000000,51.1875,165,83, 3
nd32,566,1481029877,3675357,8.240000,824.000000,51.5,165,84, 4
nd32,567,1481029878,3661852,8.280000,828.000000,51.75,165,85, 5
nd32,568,1481029879,3648682,8.420000,842.000000,52.625,165,86, 6
nd32,569,1481029880,3630275,8.460000,846.000000,52.875,186,87, 1
nd32,570,1481029881,3617824,8.540000,854.000000,53.375,186,88, 2
nd32,572,1481029883,3588512,8.440000,844.000000,52.75,186,90, 3
nd32,572,1481029883,3588512,8.440000,844.000000,52.75,186,90, 4
nd32,574,1481029885,3560632,8.280000,828.000000,51.75,193,92, 1
nd32,574,1481029885,3560632,8.280000,828.000000,51.75,193,92, 2
nd32,576,1481029887,3539044,8.200000,820.000000,51.25,179,94, 1
nd32,576,1481029887,3539044,8.200000,820.000000,51.25,179,94, 2
nd32,578,1481029889,3513580,8.210000,821.000000,51.3125,179,96, 3
nd32,578,1481029889,3513580,8.210000,821.000000,51.3125,179,96, 4
nd32,580,1481029891,3493959,8.390000,839.000000,52.4375,172,98, 1
nd32,580,1481029891,3493959,8.390000,839.000000,52.4375,172,98, 2
nd32,582,1481029893,3470603,8.510000,851.000000,53.1875,179,100, 1
nd32,582,1481029893,3470603,8.510000,851.000000,53.1875,179,100, 2
nd32,584,1481029895,3448267,8.510000,851.000000,53.1875,179,102, 3
nd32,584,1481029895,3448267,8.510000,851.000000,53.1875,179,102, 4
nd32,586,1481029897,3426884,8.310000,831.000000,51.9375,193,104, 1
nd32,586,1481029897,3426884,8.310000,831.000000,51.9375,193,104, 2
nd32,588,1481029899,3410591,8.180000,818.000000,51.125,186,106, 1
nd32,588,1481029899,3410591,8.180000,818.000000,51.125,186,106, 2
nd32,590,1481029901,3390832,8.200000,820.000000,51.25,165,108, 1
nd32,590,1481029901,3390832,8.200000,820.000000,51.25,165,108, 2
nd32,592,1481029903,3375857,8.330000,833.000000,52.0625,165,110, 3
nd32,592,1481029903,3375857,8.330000,833.000000,52.0625,165,110, 4
nd32,594,1481029905,3357540,8.500000,850.000000,53.125,172,112, 1
nd32,594,1481029905,3357540,8.500000,850.000000,53.125,172,112, 2
nd32,596,1481029907,3339931,8.510000,851.000000,53.1875,193,114, 1
nd32,596,1481029907,3339931,8.510000,851.000000,53.1875,193,114, 2
nd32,598,1481029909,3322991,8.320000,832.000000,52,193,116, 3
nd32,598,1481029909,3322991,8.320000,832.000000,52,193,116, 4
nd32,600,1481029911,3306681,8.250000,825.000000,51.5625,186,118, 1
nd32,600,1481029911,3306681,8.250000,825.000000,51.5625,186,118, 2
nd32,603,1481029914,1200000,-921.250000,-46062.500000,-2878.91,165,0.5, 1
nd32,604,1481029915,2600000,0.120000,12.000000,0.75,165,1.5, 2
nd32,605,1481029916,2600000,0.710000,71.000000,4.4375,96,2.5, 1
nd32,606,1481029917,968600000,1.350000,135.000000,8.4375,96,3.5, 2
nd32,607,1481029918,485600000,2.010000,201.000000,12.5625,96,4.5, 3
nd32,608,1481029919,324600000,2.700000,270.000000,16.875,138,5.5, 1
nd32,609,1481029920,195540000,3.370000,337.000000,21.0625,138,6.5, 2
nd32,610,1481029921,140414285,4.050000,405.000000,25.3125,138,7.5, 3
nd32,611,1481029922,109788888,4.620000,462.000000,28.875,138,8.5, 4
nd32,612,1481029923,82883333,5.200000,520.000000,32.5,138,9.5, 5
nd32,613,1481029924,69041379,5.810000,581.000000,36.3125,138,10.5, 6
nd32,614,1481029925,56050000,6.360000,636.000000,39.75,179,11.5, 1
nd32,615,1481029926,47288372,6.950000,695.000000,43.4375,179,12.5, 2
nd32,616,1481029927,41032000,7.560000,756.000000,47.25,179,13.5, 3
nd32,617,1481029928,35731034,8.130000,813.000000,50.8125,172,14.5, 1
nd32,618,1481029929,31241791,8.760000,876.000000,54.75,172,15.5, 2
nd32,619,1481029930,27488311,9.390000,939.000000,58.6875,172,16.5, 3
nd32,620,1481029931,24627586,10.030000,1003.000000,62.6875,186,17.5, 1
nd32,621,1481029932,22356701,10.110000,1011.000000,63.1875,186,18.5, 2
nd32,622,1481029933,20510280,10.030000,1003.000000,62.6875,186,19.5, 3
nd32,623,1481029934,18979487,10.040000,1004.000000,62.75,200,20.5, 1
nd32,624,1481029935,17669291,9.890000,989.000000,61.8125,200,21.5, 2
nd32,625,1481029936,16550364,9.820000,982.000000,61.375,200,22.5, 3
nd32,626,1481029937,15690410,9.730000,973.000000,60.8125,200,23.5, 4
nd32,627,1481029938,14834615,9.770000,977.000000,61.0625,200,24.5, 5
nd32,628,1481029939,14081927,9.790000,979.000000,61.1875,200,25.5, 6
nd32,629,1481029940,13414772,9.810000,981.000000,61.3125,179,26.5, 1
nd32,630,1481029941,12888648,9.790000,979.000000,61.1875,179,27.5, 2
nd32,631,1481029942,12347692,9.900000,990.000000,61.875,179,28.5, 3
nd32,632,1481029943,11859512,9.970000,997.000000,62.3125,179,29.5, 4
nd32,633,1481029944,11428837,10.080000,1008.000000,63,179,30.5, 5
nd32,634,1481029945,11036444,10.070000,1007.000000,62.9375,179,31.5, 6
nd32,635,1481029946,10677446,10.020000,1002.000000,62.625,200,32.5, 1
nd32,636,1481029947,10337142,9.930000,993.000000,62.0625,200,33.5, 2
nd32,637,1481029948,10023529,9.810000,981.000000,61.3125,200,34.5, 3
nd32,638,1481029949,9733584,9.740000,974.000000,60.875,200,35.5, 4
nd32,639,1481029950,9464727,9.770000,977.000000,61.0625,200,36.5, 5
nd32,640,1481029951,9214736,9.800000,980.000000,61.25,200,37.5, 6
nd32,641,1481029952,9012244,9.760000,976.000000,61,179,38.5, 1
nd32,642,1481029953,8792763,9.780000,978.000000,61.125,179,39.5, 2
nd32,643,1481029954,8587261,9.860000,986.000000,61.625,179,40.5, 3
nd32,644,1481029955,8394444,9.970000,997.000000,62.3125,179,41.5, 4
nd32,645,1481029956,8220958,10.070000,1007.000000,62.9375,179,42.5, 5
nd32,646,1481029957,8057558,10.060000,1006.000000,62.875,179,43.5, 6
nd32,647,1481029958,7903389,10.050000,1005.000000,62.8125,193,44.5, 1
nd32,648,1481029959,7750549,9.930000,993.000000,62.0625,193,45.5, 2
nd32,649,1481029960,7605882,9.820000,982.000000,61.375,193,46.5, 3
nd32,651,1481029962,7357251,9.780000,978.000000,61.125,200,48.5, 1
nd32,651,1481029962,7357251,9.780000,978.000000,61.125,200,48.5, 2
nd32,653,1481029964,7114285,9.800000,980.000000,61.25,200,50.5, 3
nd32,653,1481029964,7114285,9.800000,980.000000,61.25,200,50.5, 4
nd32,655,1481029966,6893764,9.850000,985.000000,61.5625,179,52.5, 1
nd32,655,1481029966,6893764,9.850000,985.000000,61.5625,179,52.5, 2
nd32,657,1481029968,6704194,10.040000,1004.000000,62.75,172,54.5, 1
nd32,657,1481029968,6704194,10.040000,1004.000000,62.75,172,54.5, 2
nd32,659,1481029970,6530655,10.030000,1003.000000,62.6875,172,56.5, 3
nd32,659,1481029970,6530655,10.030000,1003.000000,62.6875,172,56.5, 4
nd32,661,1481029972,6360649,9.850000,985.000000,61.5625,186,58.5, 1
nd32,661,1481029972,6360649,9.850000,985.000000,61.5625,186,58.5, 2
nd32,663,1481029974,6216015,9.790000,979.000000,61.1875,200,60.5, 1
nd32,663,1481029974,6216015,9.790000,979.000000,61.1875,200,60.5, 2
nd32,665,1481029976,6070300,9.760000,976.000000,61,200,62.5, 3
nd32,665,1481029976,6070300,9.760000,976.000000,61,200,62.5, 4
nd32,667,1481029978,5945916,9.830000,983.000000,61.4375,186,64.5, 1
nd32,667,1481029978,5945916,9.830000,983.000000,61.4375,186,64.5, 2
nd32,669,1481029980,5824168,10.060000,1006.000000,62.875,172,66.5, 1
nd32,669,1481029980,5824168,10.060000,1006.000000,62.875,172,66.5, 2
nd32,671,1481029982,5715059,10.040000,1004.000000,62.75,172,68.5, 3
nd32,671,1481029982,5715059,10.040000,1004.000000,62.75,172,68.5, 4
nd32,673,1481029984,5604582,9.870000,987.000000,61.6875,186,70.5, 1
nd32,673,1481029984,5604582,9.870000,987.000000,61.6875,186,70.5, 2
nd32,675,1481029986,5501109,9.770000,977.000000,61.0625,200,72.5, 1
nd32,675,1481029986,5501109,9.770000,977.000000,61.0625,200,72.5, 2
nd32,677,1481029988,5412307,9.790000,979.000000,61.1875,200,74.5, 3
nd32,677,1481029988,5412307,9.790000,979.000000,61.1875,200,74.5, 4
nd32,679,1481029990,5320597,9.810000,981.000000,61.3125,200,76.5, 5
nd32,679,1481029990,5320597,9.810000,981.000000,61.3125,200,76.5, 6
nd32,681,1481029992,5237971,10.050000,1005.000000,62.8125,172,78.5, 1
nd32,681,1481029992,5237971,10.050000,1005.000000,62.8125,172,78.5, 2
nd32,683,1481029994,5163661,10.040000,1004.000000,62.75,172,80.5, 3
nd32,683,1481029994,5163661,10.040000,1004.000000,62.75,172,80.5, 4
nd32,688,1481029999,4994729,19.580000,979.000000,61.1875,200,85.5, 1
nd32,689,1481030000,4960208,9.750000,975.000000,60.9375,200,86.5, 2
nd32,690,1481030001,4926572,9.750000,975.000000,60.9375,200,87.5, 3
nd32,691,1481030002,4893789,9.810000,981.000000,61.3125,200,88.5, 4
nd32,692,1481030003,4867919,9.930000,993.000000,62.0625,200,89.5, 5
nd32,693,1481030004,4839851,10.000000,1000.000000,62.5,172,90.5, 1
nd32,694,1481030005,4806593,10.070000,1007.000000,62.9375,172,91.5, 2
nd32,695,1481030006,4779975,10.120000,1012.000000,63.25,172,92.5, 3
nd32,696,1481030007,4750893,9.980000,998.000000,62.375,179,93.5, 1
nd32,697,1481030008,4728066,9.860000,986.000000,61.625,179,94.5, 2
nd32,698,1481030009,4700233,9.790000,979.000000,61.1875,179,95.5, 3
nd32,699,1481030010,4673041,9.820000,982.000000,61.375,193,96.5, 1
nd32,700,1481030011,4646469,9.780000,978.000000,61.125,193,97.5, 2
nd32,701,1481030012,4620495,9.770000,977.000000,61.0625,193,98.5, 3
nd32,702,1481030013,4600222,9.750000,975.000000,60.9375,200,99.5, 1
nd32,703,1481030014,4575303,9.800000,980.000000,61.25,200,100.5, 2
nd32,704,1481030015,4550926,9.880000,988.000000,61.75,200,101.5, 3
nd32,705,1481030016,4529881,10.010000,1001.000000,62.5625,179,102.5, 1
nd32,706,1481030017,4509284,10.110000,1011.000000,63.1875,179,103.5, 2
nd32,707,1481030018,4489123,10.080000,1008.000000,63,179,104.5, 3
nd32,708,1481030019,4466666,9.990000,999.000000,62.4375,179,105.5, 4
nd32,709,1481030020,3136,9.920000,992.000000,62,179,106.5, 5
nd32,710,1481030021,27054,9.790000,979.000000,61.1875,179,107.5, 6
nd32,711,1481030022,50489,9.770000,977.000000,61.0625,193,108.5, 1
nd32,712,1481030023,73526,9.760000,976.000000,61,193,109.5, 2
nd32,713,1481030024,96056,9.820000,982.000000,61.375,200,110.5, 1
nd32,714,1481030025,118142,9.760000,976.000000,61,200,111.5, 2
nd32,715,1481030026,139797,9.770000,977.000000,61.0625,200,112.5, 3
nd32,716,1481030027,161035,9.880000,988.000000,61.75,200,113.5, 4
nd32,717,1481030028,181866,9.970000,997.000000,62.3125,186,114.5, 1
nd32,718,1481030029,204765,10.130000,1013.000000,63.3125,186,115.5, 2
nd32,719,1481030030,227235,10.080000,1008.000000,63,179,116.5, 1
nd32,720,1481030031,249286,10.030000,1003.000000,62.6875,179,117.5, 2
nd32,721,1481030032,268538,9.910000,991.000000,61.9375,179,118.5, 3
nd32,722,1481030033,287438,9.780000,978.000000,61.125,179,119.5, 4
nd32,723,1481030034,306273,9.770000,977.000000,61.0625,193,0, 1
nd32,724,1481030035,1200000,-1105.840000,-110584.000000,-6911.5,193,1, 2
nd32,725,1481030036,2600000,0.560000,56.000000,3.5,131,2, 1
nd32,726,1481030037,3310000000,1.250000,125.000000,7.8125,131,3, 2
nd32,727,1481030038,1104200000,1.940000,194.000000,12.125,131,4, 3
nd32,728,1481030039,552966666,2.620000,262.000000,16.375,131,5, 4
nd32,729,1481030040,369511111,3.320000,332.000000,20.75,138,6, 1
nd32,730,1481030041,256415384,3.990000,399.000000,24.9375,138,7, 2
nd32,732,1481030043,145947826,5.440000,544.000000,34,172,9, 1
nd32,732,1481030043,145947826,5.440000,544.000000,34,172,9, 2
nd32,734,1481030045,91637837,7.020000,702.000000,43.875,172,11, 3
nd32,734,1481030045,91637837,7.020000,702.000000,43.875,172,11, 4
nd32,736,1481030047,64709433,8.440000,844.000000,52.75,179,13, 1
nd32,736,1481030047,64709433,8.440000,844.000000,52.75,179,13, 2
nd32,738,1481030049,48283333,9.810000,981.000000,61.3125,193,15, 1
nd32,738,1481030049,48283333,9.810000,981.000000,61.3125,193,15, 2
nd32,740,1481030051,37967741,11.170000,1117.000000,69.8125,193,17, 3
nd32,740,1481030051,37967741,11.170000,1117.000000,69.8125,193,17, 4
nd32,742,1481030053,30932758,11.300000,1130.000000,70.625,207,19, 1
nd32,742,1481030053,30932758,11.300000,1130.000000,70.625,207,19, 2
nd32,744,1481030055,26225899,11.410000,1141.000000,71.3125,213,21, 1
nd32,744,1481030055,26225899,11.410000,1141.000000,71.3125,213,21, 2
nd32,746,1481030057,22855555,11.620000,1162.000000,72.625,213,23, 3
nd32,746,1481030057,22855555,11.620000,1162.000000,72.625,213,23, 4
nd32,748,1481030059,20323243,11.510000,1151.000000,71.9375,193,25, 1
nd32,748,1481030059,20323243,11.510000,1151.000000,71.9375,193,25, 2
nd32,750,1481030061,18350961,11.320000,1132.000000,70.75,186,27, 1
nd32,750,1481030061,18350961,11.320000,1132.000000,70.75,186,27, 2
nd32,752,1481030063,16844347,11.290000,1129.000000,70.5625,186,29, 3
nd32,752,1481030063,16844347,11.290000,1129.000000,70.5625,186,29, 4
nd32,754,1481030065,15539130,11.290000,1129.000000,70.5625,207,31, 1
nd32,754,1481030065,15539130,11.290000,1129.000000,70.5625,207,31, 2
nd32,756,1481030067,14451449,11.450000,1145.000000,71.5625,213,33, 1
nd32,756,1481030067,14451449,11.450000,1145.000000,71.5625,213,33, 2
nd32,758,1481030069,13531103,11.660000,1166.000000,72.875,213,35, 3
nd32,758,1481030069,13531103,11.660000,1166.000000,72.875,213,35, 4
nd32,760,1481030071,12742236,11.460000,1146.000000,71.625,193,37, 1
nd32,760,1481030071,12742236,11.460000,1146.000000,71.625,193,37, 2
nd32,762,1481030073,12058550,11.290000,1129.000000,70.5625,186,39, 1
nd32,762,1481030073,12058550,11.290000,1129.000000,70.5625,186,39, 2
nd32,764,1481030075,11491553,11.280000,1128.000000,70.5,186,41, 3
nd32,764,1481030075,11491553,11.280000,1128.000000,70.5,186,41, 4
nd32,769,1481030080,160454,23.030000,1151.500000,71.9688,213,46, 1
nd32,770,1481030081,221634,11.590000,1159.000000,72.4375,213,47, 2
nd32,771,1481030082,280162,11.570000,1157.000000,72.3125,193,48, 1
nd32,772,1481030083,335147,11.450000,1145.000000,71.5625,193,49, 2
nd32,773,1481030084,388154,11.360000,1136.000000,71,193,50, 3
nd32,774,1481030085,437827,11.340000,1134.000000,70.875,193,51, 4
nd32,775,1481030086,486070,11.310000,1131.000000,70.6875,193,52, 5
nd32,776,1481030087,532207,11.350000,1135.000000,70.9375,193,53, 6
nd32,777,1481030088,576374,11.270000,1127.000000,70.4375,207,54, 1
nd32,778,1481030089,617519,11.290000,1129.000000,70.5625,207,55, 2
nd32,779,1481030090,658053,11.440000,1144.000000,71.5,207,56, 3
nd32,780,1481030091,695695,11.470000,1147.000000,71.6875,213,57, 1
nd32,781,1481030092,733035,11.650000,1165.000000,72.8125,213,58, 2
nd32,782,1481030093,767596,11.560000,1156.000000,72.25,213,59, 3
nd32,783,1481030094,802110,11.550000,1155.000000,72.1875,193,60, 1
nd32,784,1481030095,833947,11.470000,1147.000000,71.6875,193,61, 2
nd32,785,1481030096,865951,11.290000,1129.000000,70.5625,193,62, 3
nd32,786,1481030097,895367,11.320000,1132.000000,70.75,193,63, 4
nd32,787,1481030098,925131,11.340000,1134.000000,70.875,193,64, 5
nd32,788,1481030099,953873,11.290000,1129.000000,70.5625,193,65, 6
nd32,789,1481030100,981645,11.300000,1130.000000,70.625,213,66, 1
nd32,790,1481030101,1006976,11.370000,1137.000000,71.0625,213,67, 2
nd32,791,1481030102,1032937,11.420000,1142.000000,71.375,213,68, 3
nd32,792,1481030103,1056525,11.490000,1149.000000,71.8125,213,69, 4
nd32,793,1481030104,1080849,11.640000,1164.000000,72.75,213,70, 5
nd32,794,1481030105,1102862,11.570000,1157.000000,72.3125,213,71, 6
nd32,795,1481030106,1125704,11.500000,1150.000000,71.875,200,72, 1
nd32,796,1481030107,1146292,11.430000,1143.000000,71.4375,200,73, 2
nd32,797,1481030108,1167785,11.270000,1127.000000,70.4375,200,74, 3
nd32,798,1481030109,1188652,11.320000,1132.000000,70.75,193,75, 1
nd32,799,1481030110,1207343,11.300000,1130.000000,70.625,193,76, 2
nd32,800,1481030111,1227034,11.290000,1129.000000,70.5625,193,77, 3
nd32,801,1481030112,1246175,11.340000,1134.000000,70.875,213,78, 1
nd32,802,1481030113,1263211,11.350000,1135.000000,70.9375,213,79, 2
nd32,803,1481030114,1281321,11.470000,1147.000000,71.6875,213,80, 3
nd32,804,1481030115,1297369,11.570000,1157.000000,72.3125,213,81, 4
nd32,805,1481030116,1314530,11.660000,1166.000000,72.875,213,82, 5
nd32,806,1481030117,1329672,11.560000,1156.000000,72.25,213,83, 6
nd32,807,1481030118,1345958,11.480000,1148.000000,71.75,200,84, 1
nd32,808,1481030119,1360267,11.300000,1130.000000,70.625,200,85, 2
nd32,809,1481030120,1375746,11.330000,1133.000000,70.8125,200,86, 3
nd32,810,1481030121,1390843,11.320000,1132.000000,70.75,186,87, 1
nd32,811,1481030122,1404018,11.330000,1133.000000,70.8125,186,88, 2
nd32,812,1481030123,1418396,11.270000,1127.000000,70.4375,186,89, 3
nd32,813,1481030124,1432432,11.300000,1130.000000,70.625,213,90, 1
nd32,814,1481030125,1444597,11.380000,1138.000000,71.125,213,91, 2
nd32,815,1481030126,1457990,11.470000,1147.000000,71.6875,213,92, 3
nd32,816,1481030127,1469544,11.610000,1161.000000,72.5625,207,93, 1
nd32,817,1481030128,1482338,11.620000,1162.000000,72.625,207,94, 2
nd32,818,1481030129,1493325,11.500000,1150.000000,71.875,207,95, 3
nd32,819,1481030130,1505560,11.430000,1143.000000,71.4375,200,96, 1
nd32,820,1481030131,1516020,11.290000,1129.000000,70.5625,200,97, 2
nd32,821,1481030132,1527733,11.410000,1141.000000,71.3125,200,98, 3
nd32,822,1481030133,1539196,11.290000,1129.000000,70.5625,186,99, 1
nd32,823,1481030134,1548926,11.320000,1132.000000,70.75,186,100, 2
nd32,824,1481030135,1559917,11.320000,1132.000000,70.75,186,101, 3
nd32,825,1481030136,1570679,11.300000,1130.000000,70.625,213,102, 1
nd32,826,1481030137,1579751,11.420000,1142.000000,71.375,213,103, 2
nd32,827,1481030138,1590085,11.520000,1152.000000,72,213,104, 3
nd32,828,1481030139,1598754,11.630000,1163.000000,72.6875,207,105, 1
nd32,829,1481030140,1608685,11.620000,1162.000000,72.625,207,106, 2
nd32,830,1481030141,1616978,11.480000,1148.000000,71.75,200,107, 1
nd32,831,1481030142,1626530,11.400000,1140.000000,71.25,200,108, 2
nd32,833,1481030144,1643664,11.330000,1133.000000,70.8125,200,110, 3
nd32,833,1481030144,1643664,11.330000,1133.000000,70.8125,200,110, 4
nd32,835,1481030146,1660129,11.280000,1128.000000,70.5,186,112, 1
nd32,835,1481030146,1660129,11.280000,1128.000000,70.5,186,112, 2
nd32,837,1481030148,1677360,11.340000,1134.000000,70.875,213,114, 1
nd32,837,1481030148,1677360,11.340000,1134.000000,70.875,213,114, 2
nd32,839,1481030150,1692586,11.520000,1152.000000,72,213,116, 3
nd32,839,1481030150,1692586,11.520000,1152.000000,72,213,116, 4
nd32,841,1481030152,1707249,11.570000,1157.000000,72.3125,207,118, 1
nd32,841,1481030152,1707249,11.570000,1157.000000,72.3125,207,118, 2
nd32,843,1481030154,1721381,11.350000,1135.000000,70.9375,213,120, 1
nd32,843,1481030154,1721381,11.350000,1135.000000,70.9375,213,120, 2
nd32,845,1481030156,2600000,-0.490000,-49.000000,-3.0625,213,1.5, 3
nd32,845,1481030156,2600000,-0.490000,-49.000000,-3.0625,213,1.5, 4
nd32,847,1481030158,1591300000,1.770000,177.000000,11.0625,117,3.5, 1
nd32,847,1481030158,1591300000,1.770000,177.000000,11.0625,117,3.5, 2
nd32,849,1481030160,399450000,3.400000,340.000000,21.25,151,5.5, 1
nd32,849,1481030160,399450000,3.400000,340.000000,21.25,151,5.5, 2
nd32,851,1481030162,189200000,4.970000,497.000000,31.0625,151,7.5, 3
nd32,851,1481030162,189200000,4.970000,497.000000,31.0625,151,7.5, 4
nd32,854,1481030165,88194594,13.880000,694.000000,43.375,151,10.5, 5
nd32,855,1481030166,72977777,8.120000,812.000000,50.75,179,11.5, 1
nd32,856,1481030167,61200000,8.910000,891.000000,55.6875,179,12.5, 2
nd32,857,1481030168,52003125,9.750000,975.000000,60.9375,179,13.5, 3
nd32,858,1481030169,45327027,10.610000,1061.000000,66.3125,193,14.5, 1
nd32,859,1481030170,39334883,11.500000,1150.000000,71.875,193,15.5, 2
nd32,860,1481030171,34836734,12.190000,1219.000000,76.1875,193,16.5, 3
nd32,861,1481030172,31037837,12.980000,1298.000000,81.125,227,17.5, 1
nd32,862,1481030173,28056451,13.030000,1303.000000,81.4375,227,18.5, 2
nd32,863,1481030174,25621897,12.940000,1294.000000,80.875,227,19.5, 3
nd32,864,1481030175,23609333,12.840000,1284.000000,80.25,207,20.5, 1
nd32,865,1481030176,21917791,12.840000,1284.000000,80.25,207,21.5, 2
nd32,866,1481030177,20476136,12.820000,1282.000000,80.125,207,22.5, 3
nd32,867,1481030178,19335106,12.830000,1283.000000,80.1875,213,23.5, 1
nd32,868,1481030179,18239800,12.870000,1287.000000,80.4375,213,24.5, 2
nd32,869,1481030180,17277570,12.950000,1295.000000,80.9375,213,25.5, 3
nd32,870,1481030181,16437004,13.030000,1303.000000,81.4375,220,26.5, 1
nd32,871,1481030182,15687500,13.000000,1300.000000,81.25,220,27.5, 2
nd32,872,1481030183,15004743,12.950000,1295.000000,80.9375,220,28.5, 3
nd32,873,1481030184,14398496,13.000000,1300.000000,81.25,220,29.5, 4
nd32,874,1481030185,13848745,13.010000,1301.000000,81.3125,220,30.5, 5
nd32,875,1481030186,13339041,12.860000,1286.000000,80.375,220,31.5, 6
nd32,876,1481030187,12872786,12.870000,1287.000000,80.4375,207,32.5, 1
nd32,877,1481030188,12444654,12.820000,1282.000000,80.125,207,33.5, 2
nd32,878,1481030189,12050151,12.850000,1285.000000,80.3125,207,34.5, 3
nd32,879,1481030190,11719533,12.850000,1285.000000,80.3125,213,35.5, 1
nd32,880,1481030191,11379213,12.940000,1294.000000,80.875,213,36.5, 2
nd32,881,1481030192,11069918,13.000000,1300.000000,81.25,213,37.5, 3
nd32,882,1481030193,10774869,12.980000,1298.000000,81.125,220,38.5, 1
nd32,883,1481030194,10499240,12.960000,1296.000000,81,220,39.5, 2
nd32,884,1481030195,10241176,12.980000,1298.000000,81.125,220,40.5, 3
nd32,885,1481030196,10005225,13.020000,1302.000000,81.375,220,41.5, 4
nd32,886,1481030197,9777419,12.860000,1286.000000,80.375,220,42.5, 5
nd32,887,1481030198,9562863,12.870000,1287.000000,80.4375,220,43.5, 6
nd32,888,1481030199,23549,12.850000,1285.000000,80.3125,200,44.5, 1
nd32,889,1481030200,88864,12.850000,1285.000000,80.3125,200,45.5, 2
nd32,890,1481030201,150684,12.810000,1281.000000,80.0625,200,46.5, 3
nd32,891,1481030202,209704,12.880000,1288.000000,80.5,213,47.5, 1
nd32,892,1481030203,265426,12.990000,1299.000000,81.1875,213,48.5, 2
nd32,893,1481030204,322728,13.060000,1306.000000,81.625,213,49.5, 3
nd32,894,1481030205,373617,12.920000,1292.000000,80.75,220,50.5, 1
nd32,895,1481030206,421514,12.960000,1296.000000,81,220,51.5, 2
nd32,896,1481030207,471816,13.060000,1306.000000,81.625,220,52.5, 3
nd32,897,1481030208,515334,12.940000,1294.000000,80.875,227,53.5, 1
nd32,898,1481030209,556931,12.850000,1285.000000,80.3125,227,54.5, 2
nd32,899,1481030210,596732,12.840000,1284.000000,80.25,227,55.5, 3
nd32,900,1481030211,634849,12.850000,1285.000000,80.3125,200,56.5, 1
nd32,901,1481030212,671389,12.860000,1286.000000,80.375,200,57.5, 2
nd32,902,1481030213,706447,12.880000,1288.000000,80.5,200,58.5, 3
nd32,903,1481030214,740111,12.950000,1295.000000,80.9375,213,59.5, 1
nd32,904,1481030215,776360,13.040000,1304.000000,81.5,213,60.5, 2
nd32,905,1481030216,807401,12.970000,1297.000000,81.0625,213,61.5, 3
nd32,906,1481030217,837276,12.960000,1296.000000,81,220,62.5, 1
nd32,907,1481030218,869734,13.020000,1302.000000,81.375,220,63.5, 2
nd32,908,1481030219,897402,12.970000,1297.000000,81.0625,220,64.5, 3
nd32,909,1481030220,925352,12.850000,1285.000000,80.3125,227,65.5, 1
nd32,910,1481030221,951119,12.860000,1286.000000,80.375,227,66.5, 2
nd32,911,1481030222,976000,12.870000,1287.000000,80.4375,227,67.5, 3
nd32,912,1481030223,1000042,12.850000,1285.000000,80.3125,200,68.5, 1
nd32,914,1481030225,1045769,12.940000,1294.000000,80.875,200,70.5, 2
nd32,914,1481030225,1045769,12.940000,1294.000000,80.875,200,70.5, 3
nd32,916,1481030227,1094930,13.030000,1303.000000,81.4375,213,72.5, 1
nd32,916,1481030227,1094930,13.030000,1303.000000,81.4375,213,72.5, 2
nd32,918,1481030229,1134944,12.970000,1297.000000,81.0625,213,74.5, 3
nd32,918,1481030229,1134944,12.970000,1297.000000,81.0625,213,74.5, 4
nd32,920,1481030231,1175552,12.920000,1292.000000,80.75,220,76.5, 1
nd32,920,1481030231,1175552,12.920000,1292.000000,80.75,220,76.5, 2
nd32,922,1481030233,1212272,12.850000,1285.000000,80.3125,220,78.5, 3
nd32,922,1481030233,1212272,12.850000,1285.000000,80.3125,220,78.5, 4
nd32,924,1481030235,1245656,12.820000,1282.000000,80.125,220,80.5, 5
nd32,924,1481030235,1245656,12.820000,1282.000000,80.125,220,80.5, 6
nd32,926,1481030237,1277216,12.990000,1299.000000,81.1875,207,82.5, 1
nd32,926,1481030237,1277216,12.990000,1299.000000,81.1875,207,82.5, 2
nd32,928,1481030239,1309757,12.950000,1295.000000,80.9375,207,84.5, 3
nd32,928,1481030239,1309757,12.950000,1295.000000,80.9375,207,84.5, 4
nd32,930,1481030241,1340610,13.040000,1304.000000,81.5,207,86.5, 5
nd32,930,1481030241,1340610,13.040000,1304.000000,81.5,207,86.5, 6
nd32,932,1481030243,1367378,12.870000,1287.000000,80.4375,227,88.5, 1
nd32,932,1481030243,1367378,12.870000,1287.000000,80.4375,227,88.5, 2
nd32,934,1481030245,1394148,12.790000,1279.000000,79.9375,213,90.5, 1
nd32,934,1481030245,1394148,12.790000,1279.000000,79.9375,213,90.5, 2
nd32,936,1481030247,1418363,12.850000,1285.000000,80.3125,213,92.5, 3
nd32,936,1481030247,1418363,12.850000,1285.000000,80.3125,213,92.5, 4
nd32,938,1481030249,1443790,13.030000,1303.000000,81.4375,213,94.5, 5
nd32,938,1481030249,1443790,13.030000,1303.000000,81.4375,213,94.5, 6
nd32,940,1481030251,1468050,12.960000,1296.000000,81,200,96.5, 1
nd32,940,1481030251,1468050,12.960000,1296.000000,81,200,96.5, 2
nd32,942,1481030253,1491219,13.010000,1301.000000,81.3125,200,98.5, 3
nd32,942,1481030253,1491219,13.010000,1301.000000,81.3125,200,98.5, 4
nd32,944,1481030255,1511176,12.850000,1285.000000,80.3125,227,100.5, 1
nd32,944,1481030255,1511176,12.850000,1285.000000,80.3125,227,100.5, 2
nd32,946,1481030257,1531540,12.870000,1287.000000,80.4375,213,102.5, 1
nd32,946,1481030257,1531540,12.870000,1287.000000,80.4375,213,102.5, 2
nd32,948,1481030259,1549824,12.920000,1292.000000,80.75,213,104.5, 3
nd32,948,1481030259,1549824,12.920000,1292.000000,80.75,213,104.5, 4
nd32,953,1481030264,1598332,25.980000,1299.000000,81.1875,200,109.5, 1
nd32,954,1481030265,1606270,12.930000,1293.000000,80.8125,220,110.5, 1
nd32,955,1481030266,1614051,12.850000,1285.000000,80.3125,220,111.5, 2
nd32,956,1481030267,1621682,12.860000,1286.000000,80.375,220,112.5, 3
nd32,957,1481030268,1629166,12.850000,1285.000000,80.3125,220,113.5, 4
nd32,958,1481030269,1637707,12.850000,1285.000000,80.3125,213,114.5, 1
nd32,959,1481030270,1644903,12.880000,1288.000000,80.5,213,115.5, 2
nd32,960,1481030271,1651965,12.930000,1293.000000,80.8125,213,116.5, 3
nd32,961,1481030272,1660750,13.040000,1304.000000,81.5,213,117.5, 4
nd32,962,1481030273,1669373,13.000000,1300.000000,81.25,213,118.5, 5
nd32,963,1481030274,1676020,12.940000,1294.000000,80.875,213,119.5, 6
nd32,964,1481030275,1684350,13.030000,1303.000000,81.4375,207,0, 1
nd32,965,1481030276,1200000,-1442.690000,-144269.000000,-9016.81,207,1, 2
nd32,966,1481030277,2600000,0.480000,48.000000,3,131,2, 1
nd32,967,1481030278,701032704,1.370000,137.000000,8.5625,131,3, 2
nd32,968,1481030279,176558176,2.260000,226.000000,14.125,131,4, 3
nd32,969,1481030280,102004672,3.150000,315.000000,19.6875,131,5, 4
nd32,970,1481030281,65857518,4.040000,404.000000,25.25,138,6, 1
nd32,971,1481030282,45927044,4.960000,496.000000,31,138,7, 2
nd32,972,1481030283,33992395,5.920000,592.000000,37,165,8, 1
nd32,973,1481030284,26325265,6.840000,684.000000,42.75,165,9, 2
nd32,974,1481030285,21712019,7.720000,772.000000,48.25,165,10, 3
nd32,975,1481030286,17831837,8.620000,862.000000,53.875,165,11, 4
nd32,976,1481030287,15293198,9.500000,950.000000,59.375,186,12, 1
nd32,977,1481030288,13105118,10.350000,1035.000000,64.6875,186,13, 2
nd32,978,1481030289,11584640,11.210000,1121.000000,70.0625,207,14, 1
nd32,979,1481030290,10359462,12.180000,1218.000000,76.125,207,15, 2
nd32,980,1481030291,9360719,13.070000,1307.000000,81.6875,207,16, 3
nd32,981,1481030292,8515066,13.960000,1396.000000,87.25,207,17, 4
nd32,982,1481030293,7812559,14.360000,1436.000000,89.75,220,18, 1
nd32,983,1481030294,7305782,14.470000,1447.000000,90.4375,220,19, 2
nd32,984,1481030295,6888814,14.450000,1445.000000,90.3125,220,20, 3
nd32,985,1481030296,6501923,14.480000,1448.000000,90.5,220,21, 4
nd32,986,1481030297,6209800,14.480000,1448.000000,90.5,220,22, 5
nd32,987,1481030298,5928874,14.440000,1444.000000,90.25,220,23, 6
nd32,988,1481030299,5713114,14.370000,1437.000000,89.8125,220,24, 7
nd32,989,1481030300,5499708,14.310000,1431.000000,89.4375,220,25, 8
nd32,990,1481030301,5334011,14.360000,1436.000000,89.75,227,26, 1
nd32,991,1481030302,5186226,14.360000,1436.000000,89.75,227,27, 2
nd32,992,1481030303,5035155,14.360000,1436.000000,89.75,227,28, 3
nd32,993,1481030304,4916780,14.380000,1438.000000,89.875,227,29, 4
nd32,995,1481030306,4696633,14.450000,1445.000000,90.3125,220,31, 1
nd32,995,1481030306,4696633,14.450000,1445.000000,90.3125,220,31, 2
nd32,996,1481030307,4607953,14.500000,1450.000000,90.625,227,32, 1
nd32,997,1481030308,4513389,14.460000,1446.000000,90.375,227,33, 2
nd32,999,1481030310,4358487,14.360000,1436.000000,89.75,227,35, 3
nd32,999,1481030310,4358487,14.360000,1436.000000,89.75,227,35, 4
nd32,1001,1481030312,4236309,14.390000,1439.000000,89.9375,234,37, 1
nd32,1001,1481030312,4236309,14.390000,1439.000000,89.9375,234,37, 2
nd32,1003,1481030314,4120446,14.380000,1438.000000,89.875,227,39, 1
nd32,1003,1481030314,4120446,14.380000,1438.000000,89.875,227,39, 2
nd32,1005,1481030316,4019159,14.460000,1446.000000,90.375,227,41, 3
nd32,1005,1481030316,4019159,14.460000,1446.000000,90.375,227,41, 4
nd32,1007,1481030318,3929862,14.470000,1447.000000,90.4375,220,43, 1
nd32,1007,1481030318,3929862,14.470000,1447.000000,90.4375,220,43, 2
nd32,1009,1481030320,3850544,14.440000,1444.000000,90.25,227,45, 1
nd32,1009,1481030320,3850544,14.440000,1444.000000,90.25,227,45, 2
nd32,1011,1481030322,3786531,14.300000,1430.000000,89.375,227,47, 3
nd32,1011,1481030322,3786531,14.300000,1430.000000,89.375,227,47, 4
nd32,1013,1481030324,3722279,14.330000,1433.000000,89.5625,227,49, 5
nd32,1013,1481030324,3722279,14.330000,1433.000000,89.5625,227,49, 6
nd32,1015,1481030326,3664186,14.390000,1439.000000,89.9375,227,51, 7
nd32,1015,1481030326,3664186,14.390000,1439.000000,89.9375,227,51, 8
nd32,1017,1481030328,3611408,14.480000,1448.000000,90.5,227,53, 9
nd32,1017,1481030328,3611408,14.480000,1448.000000,90.5,227,53, 10
nd32,1019,1481030330,3563246,14.470000,1447.000000,90.4375,220,55, 1
nd32,1019,1481030330,3563246,14.470000,1447.000000,90.4375,220,55, 2
nd32,1021,1481030332,3519122,14.390000,1439.000000,89.9375,227,57, 1
nd32,1021,1481030332,3519122,14.390000,1439.000000,89.9375,227,57, 2
nd32,1023,1481030334,3483378,14.340000,1434.000000,89.625,227,59, 3
nd32,1023,1481030334,3483378,14.340000,1434.000000,89.625,227,59, 4
nd32,1025,1481030336,3445704,14.340000,1434.000000,89.625,227,61, 5
nd32,1025,1481030336,3445704,14.340000,1434.000000,89.625,227,61, 6
nd32,1027,1481030338,3410838,14.420000,1442.000000,90.125,234,63, 1
nd32,1027,1481030338,3410838,14.420000,1442.000000,90.125,234,63, 2
nd32,1029,1481030340,3378479,14.510000,1451.000000,90.6875,234,65, 3
nd32,1029,1481030340,3378479,14.510000,1451.000000,90.6875,234,65, 4
nd32,1031,1481030342,3348364,14.480000,1448.000000,90.5,213,67, 1
nd32,1031,1481030342,3348364,14.480000,1448.000000,90.5,213,67, 2
nd32,1033,1481030344,3324111,14.270000,1427.000000,89.1875,227,69, 1
nd32,1033,1481030344,3324111,14.270000,1427.000000,89.1875,227,69, 2
nd32,1038,1481030349,3262855,28.840000,1442.000000,90.125,227,74, 3
nd32,1039,1481030350,3249666,14.450000,1445.000000,90.3125,227,75, 4
nd32,1040,1481030351,3240241,14.530000,1453.000000,90.8125,227,76, 5
nd32,1041,1481030352,3227788,14.430000,1443.000000,90.1875,227,77, 6
nd32,1042,1481030353,3218946,14.460000,1446.000000,90.375,220,78, 1
nd32,1043,1481030354,3207168,14.360000,1436.000000,89.75,220,79, 2
nd32,1044,1481030355,3198858,14.310000,1431.000000,89.4375,220,80, 3
nd32,1045,1481030356,3190774,14.340000,1434.000000,89.625,234,81, 1
nd32,1046,1481030357,3179878,14.360000,1436.000000,89.75,234,82, 2
nd32,1047,1481030358,3172263,14.330000,1433.000000,89.5625,234,83, 3
nd32,1048,1481030359,3164845,14.400000,1440.000000,90,227,84, 1
nd32,1049,1481030360,3154733,14.440000,1444.000000,90.25,227,85, 2
nd32,1050,1481030361,3147730,14.450000,1445.000000,90.3125,227,86, 3
nd32,1051,1481030362,3138107,14.540000,1454.000000,90.875,227,87, 4
nd32,1052,1481030363,3131487,14.440000,1444.000000,90.25,227,88, 5
nd32,1053,1481030364,3122318,14.440000,1444.000000,90.25,227,89, 6
nd32,1054,1481030365,3116052,14.400000,1440.000000,90,227,90, 7
nd32,1055,1481030366,3109934,14.310000,1431.000000,89.4375,227,91, 8
nd32,1056,1481030367,3101365,14.350000,1435.000000,89.6875,227,92, 9
nd32,1057,1481030368,3095564,14.340000,1434.000000,89.625,234,93, 1
nd32,1058,1481030369,3089896,14.340000,1434.000000,89.625,234,94, 2
nd32,1059,1481030370,3081866,14.420000,1442.000000,90.125,234,95, 3
nd32,1060,1481030371,3076482,14.440000,1444.000000,90.25,234,96, 4
nd32,1061,1481030372,3068795,14.460000,1446.000000,90.375,234,97, 5
nd32,1062,1481030373,3063676,14.550000,1455.000000,90.9375,234,98, 6
nd32,1063,1481030374,3056308,14.440000,1444.000000,90.25,220,99, 1
nd32,1064,1481030375,3051436,14.450000,1445.000000,90.3125,220,100, 2
nd32,1065,1481030376,3046666,14.380000,1438.000000,89.875,220,101, 3
nd32,1066,1481030377,3039725,14.310000,1431.000000,89.4375,227,102, 1
nd32,1067,1481030378,3035179,14.330000,1433.000000,89.5625,227,103, 2
nd32,1068,1481030379,3028511,14.370000,1437.000000,89.8125,227,104, 3
nd32,1069,1481030380,3024174,14.310000,1431.000000,89.4375,227,105, 4
nd32,1070,1481030381,3019923,14.410000,1441.000000,90.0625,227,106, 5
nd32,1071,1481030382,3013620,14.450000,1445.000000,90.3125,227,107, 6
nd32,1072,1481030383,3009560,14.440000,1444.000000,90.25,234,108, 1
nd32,1073,1481030384,22946,14.540000,1454.000000,90.875,234,109, 2
nd32,1074,1481030385,47742,14.470000,1447.000000,90.4375,234,110, 3
nd32,1075,1481030386,72017,14.430000,1443.000000,90.1875,220,111, 1
nd32,1076,1481030387,95866,14.420000,1442.000000,90.125,220,112, 2
nd32,1077,1481030388,119269,14.290000,1429.000000,89.3125,227,113, 1
nd32,1078,1481030389,142145,14.340000,1434.000000,89.625,227,114, 2
nd32,1079,1481030390,164679,14.380000,1438.000000,89.875,227,115, 3
nd32,1080,1481030391,186804,14.320000,1432.000000,89.5,227,116, 4
nd32,1081,1481030392,208396,14.430000,1443.000000,90.1875,227,117, 5
nd32,1082,1481030393,229723,14.460000,1446.000000,90.375,227,118, 6
nd32,1083,1481030394,250514,14.420000,1442.000000,90.125,234,119, 1
nd32,1084,1481030395,271085,14.540000,1454.000000,90.875,234,120, 2
nd32,1085,1481030396,291118,14.460000,1446.000000,90.375,234,0.5, 3
nd32,1086,1481030397,2600000,-1614.050000,-161405.000000,-10087.8,234,1.5, 4
nd32,1087,1481030398,568432704,0.940000,94.000000,5.875,117,2.5, 1
nd32,1088,1481030399,285516352,1.940000,194.000000,12.125,117,3.5, 2
nd32,1089,1481030400,115246540,2.840000,284.000000,17.75,151,4.5, 1
nd32,1090,1481030401,64892522,3.840000,384.000000,24,151,5.5, 2
nd32,1091,1481030402,42459478,4.740000,474.000000,29.625,151,6.5, 3
nd32,1092,1481030403,30371635,5.920000,592.000000,37,151,7.5, 4
nd32,1093,1481030404,23075285,6.860000,686.000000,42.875,158,8.5, 1
nd32,1094,1481030405,18859785,7.840000,784.000000,49,158,9.5, 2
nd32,1096,1481030407,12932692,9.820000,982.000000,61.375,193,11.5, 1
nd32,1096,1481030407,12932692,9.820000,982.000000,61.375,193,11.5, 2
nd32,1098,1481030409,9737272,11.940000,1194.000000,74.625,193,13.5, 3
nd32,1098,1481030409,9737272,11.940000,1194.000000,74.625,193,13.5, 4
